,Type,Year,Mo,Country,Latitude,Longitude,Total Deaths,Total Death Description,Total Injuries,Total Injuries Description,Total Damage ($Mil),Total Damage Description,Mag,Maximum Water Height (m)
1,EQ,1990.0,2.0,Philippines,9.755,124.694,,2.0,300.0,3.0,0.9,1.0,6.6,
2,EQ,1990.0,2.0,Japan,34.706,139.252,,,,,,,6.4,
3,EQ,1990.0,2.0,United States,34.14,-117.7,,,30.0,1.0,12.7,3.0,5.5,
4,EQ,1990.0,3.0,Fiji,-22.122,175.163,,,,,,,7.6,
5,EQ,1990.0,3.0,Pakistan,28.925,66.331,11.0,1.0,40.0,1.0,1.0,2.0,6.1,
6,EQ,1990.0,3.0,Costa Rica,9.919,-84.808,,,15.0,1.0,,2.0,7.0,
7,EQ,1990.0,3.0,Tajikistan,37.034,72.942,,,,,,1.0,6.3,
8,EQ,1990.0,3.0,Philippines,9.253,125.606,1.0,1.0,2.0,1.0,,1.0,5.5,
9,EQ,1990.0,4.0,United Kingdom,52.314,-2.985,,,,,,1.0,4.7,
10,EQ,1990.0,4.0,Guam,15.125,147.596,,,,,,,7.5,
11,EQ,1990.0,4.0,China,39.436,74.9,,,2.0,1.0,,2.0,6.2,
12,EQ,1990.0,4.0,Indonesia,1.186,122.857,3.0,1.0,25.0,1.0,,3.0,7.6,
13,EQ,1990.0,4.0,Iran,31.107,51.678,,,,,,1.0,4.7,
14,EQ,1990.0,4.0,China,35.986,100.245,126.0,3.0,2049.0,4.0,58.35,4.0,6.9,
15,EQ,1990.0,5.0,Italy,40.775,15.766,2.0,1.0,16.0,1.0,,2.0,5.4,
16,EQ,1990.0,5.0,New Zealand,-40.296,176.064,,,,,,2.0,6.3,
17,EQ,1990.0,5.0,Sudan,5.121,32.145,31.0,1.0,,,,1.0,7.1,
18,EQ,1990.0,5.0,Sudan,5.358,31.848,,,,,,1.0,7.0,
19,EQ,1990.0,5.0,Peru,-6.016,-77.229,200.0,3.0,8130.0,4.0,1.0,2.0,6.5,
20,EQ,1990.0,5.0,Oman,45.841,26.668,14.0,1.0,700.0,3.0,23.7,3.0,6.7,
21,EQ,1990.0,5.0,Oman,45.811,26.769,,,,,,1.0,6.1,
22,EQ,1990.0,6.0,Costa Rica,9.855,-84.327,,,,,,1.0,4.6,
23,EQ,1990.0,6.0,Peru,-6.062,-77.136,1.0,1.0,,,,1.0,4.9,
24,EQ,1990.0,6.0,Philippines,11.76,121.899,4.0,1.0,15.0,1.0,,2.0,7.1,
25,EQ,1990.0,6.0,Kazakhstan,47.869,85.076,1.0,1.0,,,,3.0,6.8,
26,EQ,1990.0,6.0,Pakistan,27.398,65.719,,,6.0,1.0,,1.0,6.3,
27,EQ,1990.0,6.0,Iran,36.957,49.409,40000.0,4.0,105000.0,4.0,7200.0,4.0,7.3,
28,EQ,1990.0,6.0,Iran,36.636,49.799,20.0,1.0,,,,1.0,5.3,
29,EQ,1990.0,7.0,Indonesia,-6.904,108.12,,,103.0,3.0,,3.0,4.8,
30,EQ,1990.0,7.0,Afghanistan,36.415,70.789,43.0,1.0,,,,,5.6,
31,EQ,1990.0,7.0,Philippines,15.679,121.172,2412.0,4.0,3000.0,4.0,369.6,4.0,7.8,
32,EQ,1990.0,7.0,Turkey,36.99,29.595,,,,,,2.0,5.1,
33,EQ,1990.0,7.0,Vanuatu,-15.355,167.464,,,2.0,1.0,,2.0,6.4,
34,EQ,1990.0,8.0,Kazakhstan,47.963,84.961,,,8.0,1.0,,2.0,6.1,
35,EQ,1990.0,8.0,Ecuador,-0.059,-78.449,4.0,1.0,10.0,1.0,,3.0,4.4,
36,EQ,1990.0,9.0,Japan,33.267,138.643,,,,,,,6.5,
37,EQ,1990.0,9.0,South Africa,-28.014,26.727,2.0,1.0,5.0,1.0,,1.0,4.2,
38,EQ,1990.0,9.0,Kazakhstan,47.903,84.961,,,,,,1.0,4.5,
39,EQ,1990.0,10.0,South Africa,-26.39,27.349,10.0,1.0,6.0,1.0,,,4.0,
40,EQ,1990.0,10.0,China,37.093,103.781,4.0,1.0,92.0,2.0,,3.0,5.8,
41,EQ,1990.0,10.0,Afghanistan,35.121,70.486,11.0,1.0,250.0,3.0,,1.0,6.0,
42,EQ,1990.0,11.0,Iran,28.251,55.462,22.0,1.0,100.0,2.0,232.3,4.0,6.7,
43,EQ,1990.0,11.0,Indonesia,3.908,97.457,1.0,1.0,32.0,1.0,2.1,2.0,6.8,
44,EQ,1990.0,11.0,BALKANS NW:  BOSNIA-HERZEGOVINA:  TITOGRAD,43.853,16.633,,,10.0,1.0,,2.0,5.6,
45,EQ,1990.0,12.0,Kyrgyzstan,40.854,73.553,,,,,,3.0,4.6,
46,EQ,1990.0,12.0,Italy,37.3,15.438,19.0,1.0,200.0,3.0,500.0,4.0,5.3,
47,EQ,1990.0,12.0,Taiwan,23.916,121.636,2.0,1.0,3.0,1.0,,1.0,6.2,
48,EQ,1990.0,12.0,Taiwan,23.722,121.627,,,,,,1.0,6.3,
49,EQ,1990.0,12.0,Greece,41.004,22.3,1.0,1.0,60.0,2.0,,1.0,5.9,
50,EQ,1990.0,12.0,Costa Rica,9.869,-84.302,2.0,1.0,350.0,3.0,19.5,3.0,5.7,
51,EQ,1990.0,12.0,Guinea,-5.097,150.967,,,,,,1.0,7.5,
52,EQ,1991.0,1.0,Myanmar,23.613,95.901,,,,,,1.0,7.1,
53,EQ,1991.0,1.0,Afghanistan,35.993,70.423,848.0,3.0,200.0,3.0,36.0,4.0,6.4,
54,EQ,1991.0,2.0,Solomon Islands,-9.929,159.139,,,,,,1.0,6.9,
55,EQ,1991.0,2.0,France,44.885,6.76,9.0,1.0,,,,1.0,3.8,
56,EQ,1991.0,2.0,Russia,48.268,154.328,,,,,,,5.7,
57,EQ,1991.0,2.0,BERING SEA,58.427,-175.45,,,,,,,6.7,
58,EQ,1991.0,2.0,China,40.386,78.959,,,3.0,1.0,,2.0,6.1,
59,EQ,1991.0,3.0,China,39.887,113.923,,,131.0,3.0,,2.0,5.5,
60,EQ,1991.0,4.0,Peru,-6.038,-77.13,,,10.0,1.0,,1.0,6.4,
61,EQ,1991.0,4.0,Peru,-5.982,-77.094,53.0,2.0,252.0,3.0,,3.0,6.7,
62,EQ,1991.0,4.0,Afghanistan,37.457,68.273,,2.0,,3.0,,3.0,5.1,
63,EQ,1991.0,4.0,Afghanistan,36.416,70.912,,,,,,1.0,4.1,
64,EQ,1991.0,4.0,Costa Rica,9.685,-83.073,90.0,2.0,895.0,3.0,510.0,4.0,7.6,
65,EQ,1991.0,4.0,Turkey,39.597,41.118,1.0,1.0,3.0,1.0,,1.0,4.5,
66,EQ,1991.0,4.0,United States,42.453,43.673,270.0,3.0,,,1700.0,4.0,7.0,
67,EQ,1991.0,5.0,Iran,9.542,-82.418,,,36.0,1.0,,2.0,6.2,
68,EQ,1991.0,5.0,United States,42.565,43.349,,1.0,,,,1.0,4.9,
69,EQ,1991.0,5.0,Malaysia,5.865,116.746,1.0,1.0,,,,1.0,4.5,
70,EQ,1991.0,6.0,United States,42.461,44.009,8.0,1.0,200.0,3.0,,,6.1,
71,EQ,1991.0,6.0,Philippines,15.119,120.355,800.0,3.0,4.0,1.0,,3.0,5.5,
72,EQ,1991.0,6.0,Turkey,39.984,42.875,,,,,,,4.5,
73,EQ,1991.0,6.0,Indonesia,1.196,122.787,,,,,,3.0,7.5,
74,EQ,1991.0,6.0,United States,34.262,-118.002,2.0,1.0,104.0,3.0,33.5,4.0,5.1,
75,EQ,1991.0,7.0,Indonesia,-8.099,124.681,28.0,1.0,181.0,3.0,7.7,3.0,6.5,
76,EQ,1991.0,7.0,Oman,45.364,21.057,2.0,1.0,30.0,1.0,,1.0,5.6,
77,EQ,1991.0,7.0,Oman,44.888,22.407,,,,,,2.0,5.6,
78,EQ,1991.0,7.0,Peru,-15.679,-71.574,92.0,2.0,30.0,1.0,,2.0,4.7,
79,EQ,1991.0,7.0,Iraq,36.52,44.066,20.0,1.0,,3.0,,2.0,5.1,
80,EQ,1991.0,8.0,Costa Rica,9.737,-84.054,,,,,,1.0,4.7,
81,EQ,1991.0,8.0,Venezuela,10.045,-69.948,,,,,,2.0,5.2,
82,EQ,1991.0,8.0,United States,40.235,-124.348,,,,,,2.0,6.2,
83,EQ,1991.0,9.0,New Zealand,-40.25,175.053,,,,,,2.0,5.6,
84,EQ,1991.0,9.0,Guatemala,14.646,-90.986,25.0,1.0,200.0,3.0,,3.0,6.2,
85,EQ,1991.0,10.0,Solomon Islands,-9.094,158.442,,,,,,,7.2,
86,EQ,1991.0,10.0,India,30.78,78.774,2000.0,4.0,1800.0,4.0,60.0,4.0,7.0,
87,EQ,1991.0,11.0,Iran,30.666,50.218,,,51.0,2.0,,2.0,5.4,
88,EQ,1991.0,11.0,India,26.323,70.607,,,,,,1.0,5.0,
89,EQ,1991.0,11.0,Colombia,4.554,-77.442,2.0,1.0,,,,2.0,6.4,
90,EQ,1991.0,11.0,Yemen,13.887,44.068,11.0,1.0,40.0,1.0,,2.0,4.7,
91,EQ,1991.0,11.0,Iran,36.924,49.603,1.0,1.0,70.0,2.0,,2.0,5.0,
92,EQ,1991.0,12.0,Oman,45.498,21.115,,,,2.0,,2.0,5.5,
93,EQ,1991.0,12.0,Russia,45.533,151.021,,,,,,,7.6,
94,EQ,1992.0,1.0,China,18.0,108.0,,,,,,1.0,3.7,
95,EQ,1992.0,2.0,Japan,35.106,139.644,,,37.0,1.0,,1.0,5.6,
96,EQ,1992.0,2.0,Indonesia,-7.138,109.067,,,1.0,1.0,,3.0,4.4,
97,EQ,1992.0,3.0,Iran,31.726,50.778,6.0,1.0,50.0,1.0,,2.0,4.6,
98,EQ,1992.0,3.0,Turkey,39.71,39.605,653.0,3.0,2000.0,4.0,750.0,4.0,6.9,
99,EQ,1992.0,4.0,Germany,51.153,5.798,1.0,1.0,45.0,1.0,100.0,4.0,5.2,
100,EQ,1992.0,4.0,United States,33.961,-116.318,,,32.0,1.0,,2.0,6.3,
101,EQ,1992.0,4.0,United States,40.368,-124.316,,,98.0,2.0,75.0,4.0,7.1,
102,EQ,1992.0,5.0,Kyrgyzstan,41.019,72.429,4.0,1.0,,,31.0,4.0,6.2,
103,EQ,1992.0,5.0,Philippines,7.191,126.762,,,,,,1.0,7.5,
104,EQ,1992.0,5.0,Pakistan,33.377,71.317,6.0,1.0,100.0,2.0,,2.0,6.0,
105,EQ,1992.0,5.0,Cuba,19.613,-77.872,,,40.0,1.0,,2.0,7.0,
106,EQ,1992.0,5.0,Solomon Islands,-11.122,165.239,,,,,,,7.0,
107,EQ,1992.0,6.0,United States,34.201,-116.436,3.0,1.0,400.0,3.0,92.0,4.0,7.6,
108,EQ,1992.0,6.0,United States,34.203,-116.827,,,,2.0,,2.0,6.7,
109,EQ,1992.0,6.0,United States,36.705,-116.293,,,,,,2.0,5.4,
110,EQ,1992.0,7.0,Japan,39.419,143.33,,,,,,,7.0,
111,EQ,1992.0,8.0,Japan,32.536,141.641,,,,,,,6.3,
112,EQ,1992.0,8.0,Kyrgyzstan,42.142,73.575,75.0,2.0,,,130.0,4.0,7.5,
113,EQ,1992.0,8.0,Pakistan,29.087,66.74,4.0,1.0,200.0,3.0,,2.0,5.5,
114,EQ,1992.0,9.0,Costa Rica,11.727,-87.386,170.0,3.0,489.0,3.0,30.0,4.0,7.7,
115,EQ,1992.0,9.0,Iran,29.134,52.187,1.0,1.0,11.0,1.0,,2.0,4.7,
116,EQ,1992.0,9.0,CONGO:  KABALO,-6.087,26.651,8.0,1.0,37.0,1.0,,1.0,7.0,
117,EQ,1992.0,10.0,Egypt,29.778,31.144,545.0,3.0,6512.0,4.0,1200.0,4.0,5.3,
118,EQ,1992.0,10.0,Colombia,6.845,-76.806,,,20.0,1.0,,2.0,7.0,
119,EQ,1992.0,10.0,Colombia,7.075,-76.862,11.0,1.0,115.0,2.0,,2.0,7.4,
120,EQ,1992.0,12.0,Indonesia,-8.48,121.896,2500.0,4.0,2103.0,4.0,100.0,4.0,7.8,
121,EQ,1993.0,1.0,Japan,43.3,143.691,2.0,1.0,,,358.0,4.0,7.6,
122,EQ,1993.0,1.0,China,23.027,101.062,,,66.0,2.0,,3.0,5.6,
123,EQ,1993.0,1.0,Iran,32.104,60.088,,,,,,,5.1,
124,EQ,1993.0,2.0,Japan,37.634,137.245,,,,,,,6.3,
125,EQ,1993.0,3.0,FUTUNA ISLAND,-14.385,-178.252,5.0,1.0,20.0,1.0,,1.0,6.4,
126,EQ,1993.0,3.0,China,29.084,87.333,2.0,1.0,3.0,1.0,,1.0,6.2,
127,EQ,1993.0,3.0,United States,45.035,-122.607,,,,,28.4,4.0,5.6,
128,EQ,1993.0,3.0,Iran,30.692,50.886,,,,,,,5.1,
129,EQ,1993.0,4.0,Peru,-11.652,-76.53,6.0,1.0,,,,1.0,6.3,
130,EQ,1993.0,6.0,Russia,51.218,157.829,,,,,,,7.5,
131,EQ,1993.0,6.0,KERMADEC ISLANDS,-28.886,-176.819,,,,,,,6.6,
132,EQ,1993.0,6.0,Iran,30.149,50.814,24.0,1.0,49.0,1.0,,,5.4,
133,EQ,1993.0,7.0,Costa Rica,9.821,-83.622,2.0,1.0,9.0,1.0,,1.0,5.8,
134,EQ,1993.0,7.0,Japan,42.851,139.197,231.0,3.0,233.0,3.0,1207.0,4.0,7.7,
135,EQ,1993.0,7.0,Greece,38.224,21.756,,,,,,,5.6,
136,EQ,1993.0,8.0,Sudan,15.385,31.69,2.0,1.0,9.0,1.0,,1.0,5.5,
137,EQ,1993.0,8.0,Japan,41.985,139.839,,,,,,,6.3,
138,EQ,1993.0,8.0,Guam,12.982,144.801,,,48.0,1.0,250.0,4.0,7.8,
139,EQ,1993.0,9.0,Guatemala,14.717,-92.645,1.0,1.0,3.0,1.0,,2.0,7.2,
140,EQ,1993.0,9.0,United States,42.314,-122.012,2.0,1.0,,,7.5,3.0,6.0,
141,EQ,1993.0,9.0,India,18.066,76.451,11000.0,4.0,30000.0,4.0,300.0,4.0,6.2,
142,EQ,1993.0,10.0,Guinea,-5.889,146.02,60.0,2.0,200.0,3.0,5.0,2.0,6.9,
143,EQ,1993.0,10.0,India,28.723,82.28,,,,,,,5.1,
144,EQ,1993.0,11.0,India,18.12,76.533,,,25.0,1.0,,1.0,4.6,
145,EQ,1993.0,11.0,Russia,51.934,158.647,,,,,,1.0,7.0,
146,EQ,1993.0,11.0,China,39.263,75.533,,,4.0,1.0,,1.0,5.6,
147,EQ,1994.0,1.0,China,36.028,100.104,,,5.0,1.0,,1.0,5.7,
148,EQ,1994.0,1.0,Canada,40.33,-76.037,,,,,,1.0,4.6,
149,EQ,1994.0,1.0,United States,34.213,-118.537,60.0,2.0,7000.0,4.0,40000.0,4.0,6.7,
150,EQ,1994.0,1.0,Indonesia,1.015,127.733,9.0,1.0,300.0,3.0,,2.0,7.0,
151,EQ,1994.0,2.0,United States,42.762,-110.976,,,,,,1.0,5.8,
152,EQ,1994.0,2.0,Uganda,0.593,30.037,7.0,1.0,,2.0,70.0,4.0,6.2,
153,EQ,1994.0,2.0,Indonesia,-4.967,104.302,207.0,3.0,2000.0,4.0,170.476,4.0,6.9,
154,EQ,1994.0,2.0,Iran,30.853,60.596,6.0,1.0,,3.0,1.4,2.0,6.1,
155,EQ,1994.0,3.0,Iran,29.096,52.617,2.0,1.0,50.0,1.0,,1.0,6.1,
156,EQ,1994.0,3.0,Haiti,19.803,-72.799,4.0,1.0,,,,1.0,5.4,
157,EQ,1994.0,3.0,Fiji,-18.039,-178.413,,,,,,,7.6,
158,EQ,1994.0,4.0,Japan,40.608,143.683,,,,,,,6.4,
159,EQ,1994.0,5.0,Afghanistan,36.901,67.163,160.0,3.0,330.0,3.0,,,6.1,
160,EQ,1994.0,5.0,Taiwan,23.959,122.448,,,,,,,6.5,
161,EQ,1994.0,6.0,Indonesia,-10.477,112.835,238.0,3.0,423.0,3.0,2.2,2.0,7.8,
162,EQ,1994.0,6.0,Indonesia,-10.362,112.892,,,,,,,6.6,
163,EQ,1994.0,6.0,Indonesia,-10.777,113.366,,,,,,,6.5,
164,EQ,1994.0,6.0,Taiwan,24.511,121.905,1.0,1.0,2.0,1.0,,2.0,6.4,
165,EQ,1994.0,6.0,Indonesia,-10.341,113.369,,,,,,,6.1,
166,EQ,1994.0,6.0,Colombia,2.917,-76.057,650.0,3.0,,,2.4,2.0,6.8,
167,EQ,1994.0,6.0,Bolivia,-13.841,-67.553,5.0,1.0,,3.0,,2.0,8.2,
168,EQ,1994.0,6.0,New Zealand,-42.963,171.658,,,,,,1.0,6.8,
169,EQ,1994.0,6.0,Iran,28.968,52.614,3.0,1.0,100.0,2.0,,3.0,5.9,
170,EQ,1994.0,8.0,Algeria,35.52,-0.106,171.0,3.0,,,,4.0,5.9,
171,EQ,1994.0,9.0,United States,40.402,-125.68,,,,,,1.0,7.0,
172,EQ,1994.0,10.0,Japan,43.773,147.321,11.0,1.0,382.0,3.0,,3.0,8.3,
173,EQ,1994.0,10.0,Indonesia,-1.258,127.98,1.0,1.0,52.0,2.0,,2.0,6.8,
174,EQ,1994.0,10.0,Russia,43.905,147.916,,,,,,,7.3,
175,EQ,1994.0,11.0,Philippines,13.525,121.067,81.0,2.0,225.0,3.0,3.7,2.0,7.1,
176,EQ,1994.0,12.0,Samoa,40.741,-124.31,,,,,2.1,2.0,5.5,
177,EQ,1994.0,12.0,Japan,40.525,143.419,3.0,1.0,200.0,3.0,170.4,4.0,7.8,
178,EQ,1994.0,12.0,China,20.524,109.33,,,360.0,3.0,,2.0,5.3,
179,EQ,1995.0,1.0,Japan,34.583,135.018,5502.0,4.0,36896.0,4.0,100000.0,4.0,6.9,
180,EQ,1995.0,1.0,Colombia,5.05,-72.916,7.0,1.0,,2.0,,2.0,6.5,
181,EQ,1995.0,2.0,New Zealand,-37.759,178.752,,,,,,,7.1,
182,EQ,1995.0,2.0,Armenia,4.104,-76.622,45.0,1.0,400.0,3.0,50.0,4.0,6.4,
183,EQ,1995.0,2.0,Cyprus,35.046,32.279,2.0,1.0,5.0,1.0,4.34,2.0,5.9,
184,EQ,1995.0,3.0,Indonesia,-4.183,135.109,,,,,,1.0,6.9,
185,EQ,1995.0,4.0,Japan,37.925,139.186,,,,,,,5.4,
186,EQ,1995.0,4.0,American Samoa,-15.199,-173.529,,,,,,,7.4,
187,EQ,1995.0,4.0,Philippines,12.059,125.58,,,,,,,7.2,
188,EQ,1995.0,4.0,Philippines,12.047,125.92,,,,,,,6.8,
189,EQ,1995.0,5.0,Greece,40.149,21.695,,,25.0,1.0,450.0,4.0,6.6,
190,EQ,1995.0,5.0,Indonesia,-8.452,125.049,11.0,1.0,19.0,1.0,,1.0,6.9,
191,EQ,1995.0,5.0,New Caledonia,-23.008,169.9,,,,,,,7.7,
192,EQ,1995.0,5.0,Russia,52.629,142.827,1989.0,4.0,750.0,3.0,300.0,4.0,7.1,
193,EQ,1995.0,6.0,Greece,38.401,22.283,26.0,1.0,60.0,2.0,660.0,4.0,6.5,
194,EQ,1995.0,7.0,China,21.966,99.196,11.0,1.0,136.0,3.0,36.1,4.0,6.8,
195,EQ,1995.0,7.0,China,36.427,103.123,14.0,1.0,60.0,1.0,,3.0,5.6,
196,EQ,1995.0,7.0,Chile,-23.34,-70.294,3.0,1.0,,,1.791,2.0,8.0,
197,EQ,1995.0,8.0,Guinea,-5.799,154.178,,,,,,1.0,7.7,
198,EQ,1995.0,9.0,Mexico,16.779,-98.597,3.0,1.0,100.0,2.0,,2.0,7.4,
199,EQ,1995.0,10.0,Turkey,38.063,30.134,95.0,2.0,348.0,3.0,205.8,4.0,6.4,
200,EQ,1995.0,10.0,Ecuador,-2.75,-77.881,2.0,1.0,5.0,1.0,,1.0,7.0,
201,EQ,1995.0,10.0,United States,65.17,-148.565,,,,,,1.0,6.0,
202,EQ,1995.0,10.0,Indonesia,-2.045,101.436,84.0,2.0,1868.0,4.0,,4.0,6.8,
203,EQ,1995.0,10.0,Mexico,19.055,-104.205,50.0,1.0,200.0,3.0,,2.0,8.0,
204,EQ,1995.0,10.0,Japan,27.929,130.175,,,1.0,1.0,,1.0,7.1,
205,EQ,1995.0,10.0,Japan,28.094,130.148,,,,,,,6.8,
206,EQ,1995.0,10.0,China,26.003,102.227,81.0,2.0,800.0,3.0,80.0,4.0,6.2,
207,EQ,1995.0,11.0,Chile,-28.906,-71.417,,,,,,,6.7,
208,EQ,1995.0,11.0,Egypt,28.826,34.799,11.0,1.0,47.0,1.0,,2.0,7.2,
209,EQ,1995.0,12.0,Russia,44.663,149.3,,,,,,,7.9,
210,EQ,1996.0,1.0,Indonesia,0.729,119.931,9.0,1.0,63.0,2.0,1.2,2.0,7.9,
211,EQ,1996.0,2.0,China,27.291,100.276,322.0,3.0,17057.0,4.0,506.0,4.0,6.6,
212,EQ,1996.0,2.0,Guinea,-0.891,136.952,164.0,3.0,423.0,3.0,4.2,2.0,8.2,
213,EQ,1996.0,2.0,Peru,-9.593,-79.587,12.0,1.0,57.0,2.0,,,7.5,
214,EQ,1996.0,2.0,Mexico,15.978,-98.07,,,,,,,7.1,
215,EQ,1996.0,3.0,China,39.993,76.696,24.0,1.0,128.0,3.0,24.0,3.0,6.3,
216,EQ,1996.0,3.0,Ecuador,-1.036,-78.737,27.0,1.0,100.0,2.0,7.0,3.0,5.9,
217,EQ,1996.0,4.0,Solomon Islands,-6.518,154.999,1.0,1.0,,,,2.0,7.2,
218,EQ,1996.0,5.0,China,40.774,109.661,23.0,1.0,330.0,3.0,,4.0,6.0,
219,EQ,1996.0,6.0,United States,51.564,-177.632,,,,,,,7.9,
220,EQ,1996.0,6.0,United States,51.478,-176.847,,,,,,,7.3,
221,EQ,1996.0,9.0,Japan,31.555,139.931,,,,,,,5.7,
222,EQ,1996.0,9.0,Chile,-22.118,-113.436,,,,,,,6.9,
223,EQ,1996.0,9.0,Croatia,42.803,17.936,,,,2.0,,3.0,6.0,
224,EQ,1996.0,9.0,Taiwan,21.898,121.498,,,,,,,6.8,
225,EQ,1996.0,10.0,Japan,30.568,131.093,,,,,,,6.6,
226,EQ,1996.0,10.0,Japan,31.885,131.468,,,,,,1.0,6.7,
227,EQ,1996.0,11.0,Peru,-14.993,-75.675,14.0,1.0,560.0,3.0,,4.0,7.7,
228,EQ,1996.0,12.0,Japan,31.789,131.314,,,,,,,6.7,
229,EQ,1997.0,1.0,Kyrgyzstan,41.026,74.284,,,,,,,5.8,
230,EQ,1997.0,1.0,Mexico,18.219,-102.756,1.0,1.0,,,,2.0,7.2,
231,EQ,1997.0,1.0,Albania,40.956,19.672,,,,,,,4.7,
232,EQ,1997.0,1.0,China,39.474,76.998,12.0,1.0,40.0,1.0,,3.0,5.9,
233,EQ,1997.0,2.0,Iran,37.661,57.291,88.0,2.0,1948.0,4.0,30.0,4.0,6.5,
234,EQ,1997.0,2.0,Pakistan,29.976,68.208,60.0,2.0,,3.0,,2.0,7.1,
235,EQ,1997.0,2.0,Iran,38.075,48.05,1100.0,4.0,2600.0,4.0,,4.0,6.1,
236,EQ,1997.0,3.0,China,39.422,76.839,2.0,1.0,6.0,1.0,,3.0,5.6,
237,EQ,1997.0,3.0,Pakistan,34.872,71.62,15.0,1.0,,,,1.0,4.9,
238,EQ,1997.0,3.0,Japan,31.92,130.429,,,,,,,6.1,
239,EQ,1997.0,4.0,China,39.513,76.865,,,23.0,1.0,,3.0,5.9,
240,EQ,1997.0,4.0,China,39.537,76.998,,,,,,3.0,6.0,
241,EQ,1997.0,4.0,China,39.527,76.941,9.0,1.0,89.0,2.0,,4.0,6.2,
242,EQ,1997.0,4.0,Solomon Islands,-12.584,166.676,,,,,,1.0,7.7,
243,EQ,1997.0,4.0,TOBAGO,11.112,-60.892,,,2.0,1.0,25.0,4.0,6.7,
244,EQ,1997.0,4.0,Guam,13.986,144.901,,,4.0,1.0,,1.0,6.5,
245,EQ,1997.0,5.0,Iran,33.825,59.809,1728.0,4.0,2300.0,4.0,100.0,4.0,7.2,
246,EQ,1997.0,5.0,Afghanistan,36.411,70.945,1.0,1.0,11.0,1.0,,2.0,6.4,
247,EQ,1997.0,5.0,India,23.083,80.041,56.0,2.0,1000.0,4.0,143.0,4.0,5.8,
248,EQ,1997.0,6.0,Iran,33.938,59.475,,,,,,3.0,5.9,
249,EQ,1997.0,7.0,Venezuela,10.598,-63.486,81.0,2.0,522.0,3.0,81.0,4.0,7.0,
250,EQ,1997.0,7.0,South Africa,-26.857,26.619,15.0,1.0,46.0,1.0,,,5.0,
251,EQ,1997.0,8.0,Indonesia,4.358,96.494,,,,,,2.0,6.0,
252,EQ,1997.0,9.0,Italy,43.048,12.879,,,,,,1.0,5.7,
253,EQ,1997.0,9.0,Italy,43.084,12.812,14.0,1.0,100.0,2.0,4524.9,4.0,6.0,
254,EQ,1997.0,9.0,Indonesia,-3.776,119.727,20.0,1.0,300.0,3.0,1.1,2.0,5.9,
255,EQ,1997.0,9.0,Japan,31.959,141.878,,,,,,,6.2,
256,EQ,1997.0,10.0,Tonga,-22.101,-176.772,,,,,,,7.7,
257,EQ,1997.0,10.0,Chile,-30.933,-71.22,8.0,1.0,300.0,3.0,48.0,4.0,7.1,
258,EQ,1997.0,11.0,China,35.069,87.325,,,,,,,7.5,
259,EQ,1997.0,11.0,Greece,37.57,20.656,,,,,,,6.6,
260,EQ,1997.0,11.0,Bangladesh,22.212,92.702,23.0,1.0,200.0,3.0,,1.0,6.1,
261,EQ,1997.0,11.0,Indonesia,1.241,122.536,,,,,,,7.0,
262,EQ,1997.0,12.0,Russia,54.841,162.035,,,,,,,7.8,
263,EQ,1998.0,1.0,China,41.083,114.5,70.0,2.0,11500.0,4.0,285.5,4.0,5.7,
264,EQ,1998.0,1.0,Guatemala,14.374,-91.473,,,27.0,1.0,,1.0,6.6,
265,EQ,1998.0,2.0,Mexico,15.883,-96.298,,,,,,2.0,6.3,
266,EQ,1998.0,2.0,Afghanistan,37.075,70.089,2323.0,4.0,818.0,3.0,,4.0,5.9,
267,EQ,1998.0,2.0,Afghanistan,36.479,71.086,1.0,1.0,11.0,1.0,,2.0,6.4,
268,EQ,1998.0,3.0,Iran,30.154,57.605,5.0,1.0,50.0,1.0,,3.0,6.6,
269,EQ,1998.0,3.0,China,39.977,76.731,,,,,,1.0,5.6,
270,EQ,1998.0,3.0,BALLENY ISLANDS,-62.877,149.527,,,,,,,8.1,
271,EQ,1998.0,4.0,Italy,43.164,12.701,,,5.0,1.0,,1.0,5.2,
272,EQ,1998.0,4.0,Iran,32.457,59.976,12.0,1.0,10.0,1.0,,2.0,5.8,
273,EQ,1998.0,4.0,Austria,46.245,13.652,1.0,1.0,,,,2.0,5.7,
274,EQ,1998.0,5.0,Taiwan,22.306,125.308,,,,,,,7.5,
275,EQ,1998.0,5.0,Bolivia,-17.731,-65.431,105.0,3.0,150.0,3.0,,3.0,6.6,
276,EQ,1998.0,5.0,China,37.388,78.843,,,28.0,1.0,,3.0,5.6,
277,EQ,1998.0,5.0,Afghanistan,37.106,70.11,4700.0,4.0,,4.0,10.0,3.0,6.6,
278,EQ,1998.0,5.0,Japan,39.027,143.441,,,,,,,6.2,
279,EQ,1998.0,6.0,Turkey,36.878,35.307,145.0,3.0,1500.0,4.0,550.0,4.0,6.3,
280,EQ,1998.0,7.0,"AZORES:  FAIAL, PICO, TERCEIRA",38.65,-28.626,10.0,1.0,100.0,2.0,72.0,4.0,6.2,
281,EQ,1998.0,7.0,Armenia,38.717,48.507,,,,,,2.0,6.0,
282,EQ,1998.0,7.0,Taiwan,23.407,120.736,5.0,1.0,27.0,1.0,,1.0,5.7,
283,EQ,1998.0,7.0,Guinea,-2.943,142.582,1636.0,4.0,1000.0,3.0,,3.0,7.0,
284,EQ,1998.0,8.0,Ecuador,-0.593,-80.393,3.0,1.0,40.0,1.0,,2.0,7.2,
285,EQ,1998.0,8.0,China,39.66,77.343,3.0,1.0,7.0,1.0,,3.0,6.4,
286,EQ,1998.0,9.0,Indonesia,-8.194,112.413,1.0,1.0,,,,1.0,6.6,
287,EQ,1998.0,9.0,Serbia,44.209,20.08,1.0,1.0,17.0,1.0,,2.0,5.5,
288,EQ,1998.0,9.0,Albania,41.925,20.39,,,,,,2.0,5.3,
289,EQ,1998.0,10.0,Iran,33.199,47.225,,,,,,1.0,5.4,
290,EQ,1998.0,11.0,Iran,27.791,53.608,5.0,1.0,105.0,3.0,,,5.4,
291,EQ,1998.0,11.0,China,27.308,101.029,5.0,1.0,1543.0,4.0,70.0,4.0,5.6,
292,EQ,1998.0,11.0,Indonesia,-2.071,124.891,41.0,1.0,107.0,3.0,200.0,4.0,7.7,
293,EQ,1998.0,12.0,China,26.373,104.021,,,84.0,2.0,22.6,3.0,4.5,
294,EQ,1999.0,1.0,Armenia,4.461,-75.724,1185.0,4.0,4750.0,4.0,1857.366,4.0,6.2,
295,EQ,1999.0,2.0,Russia,42.962,46.954,,,,,0.9,1.0,3.2,
296,EQ,1999.0,2.0,Spain,38.193,-1.566,,,20.0,1.0,44.004,4.0,4.8,
297,EQ,1999.0,2.0,Afghanistan,34.259,69.364,70.0,2.0,500.0,3.0,,3.0,6.0,
298,EQ,1999.0,3.0,Iran,28.343,57.193,1.0,1.0,,,,2.0,6.6,
299,EQ,1999.0,3.0,China,41.131,114.658,,,3.0,1.0,,2.0,5.1,
300,EQ,1999.0,3.0,India,30.512,79.403,100.0,2.0,394.0,3.0,,4.0,6.6,
301,EQ,1999.0,4.0,Peru,-16.66,-72.662,1.0,1.0,50.0,1.0,,2.0,6.8,
302,EQ,1999.0,5.0,Iran,29.501,51.88,26.0,1.0,100.0,2.0,,2.0,6.2,
303,EQ,1999.0,6.0,Azerbaijan,40.802,47.448,1.0,1.0,18.0,1.0,5.0,2.0,5.4,
304,EQ,1999.0,6.0,Mexico,18.386,-97.436,20.0,1.0,200.0,3.0,226.8,4.0,7.0,
305,EQ,1999.0,6.0,Mexico,18.324,-101.539,,,,,,3.0,6.3,
306,EQ,1999.0,7.0,Guatemala,15.782,-88.33,2.0,1.0,40.0,1.0,,2.0,6.7,
307,EQ,1999.0,7.0,Bangladesh,21.544,91.895,6.0,1.0,200.0,3.0,,3.0,4.2,
308,EQ,1999.0,8.0,Turkey,40.76,29.97,17118.0,4.0,50000.0,4.0,20000.0,4.0,7.6,
309,EQ,1999.0,8.0,Turkey,40.711,29.949,1.0,1.0,166.0,3.0,,1.0,5.2,
310,EQ,1999.0,9.0,Greece,38.119,23.605,143.0,3.0,1600.0,4.0,4200.0,4.0,6.0,
311,EQ,1999.0,9.0,Turkey,40.709,30.045,7.0,1.0,422.0,3.0,,1.0,5.8,
312,EQ,1999.0,9.0,Taiwan,23.772,120.982,2297.0,4.0,8700.0,4.0,14000.0,4.0,7.7,
313,EQ,1999.0,9.0,Taiwan,23.738,121.158,,1.0,,,,1.0,6.5,
314,EQ,1999.0,9.0,Mexico,16.059,-96.931,35.0,1.0,215.0,3.0,164.8,4.0,7.5,
315,EQ,1999.0,10.0,United States,34.594,-116.271,,,4.0,1.0,,1.0,7.2,
316,EQ,1999.0,10.0,Taiwan,23.445,120.506,1.0,1.0,254.0,3.0,0.786,1.0,5.9,
317,EQ,1999.0,10.0,Peru,-13.64,-74.43,,,30.0,1.0,,3.0,4.4,
318,EQ,1999.0,11.0,China,39.899,113.983,,,4.0,1.0,44.0,4.0,5.3,
319,EQ,1999.0,11.0,Turkey,40.744,30.266,2.0,1.0,171.0,3.0,,,5.7,
320,EQ,1999.0,11.0,Turkey,40.758,31.161,894.0,3.0,4948.0,4.0,1000.0,4.0,7.2,
321,EQ,1999.0,11.0,China,24.589,102.872,1.0,1.0,5.0,1.0,,1.0,4.6,
322,EQ,1999.0,11.0,Iran,36.92,54.9,,,,,,1.0,5.3,
323,EQ,1999.0,11.0,Vanuatu,-16.423,168.214,10.0,1.0,100.0,2.0,,3.0,7.5,
324,EQ,1999.0,11.0,China,40.459,122.889,,,,,,1.0,5.0,
325,EQ,1999.0,12.0,Turkey,40.358,42.346,1.0,1.0,6.0,1.0,,2.0,5.7,
326,EQ,1999.0,12.0,Philippines,15.766,119.74,5.0,1.0,40.0,1.0,1.794,2.0,7.3,
327,EQ,1999.0,12.0,Indonesia,-6.845,105.555,5.0,1.0,220.0,3.0,3.9,2.0,6.5,
328,EQ,1999.0,12.0,Algeria,35.321,-1.281,24.0,1.0,175.0,3.0,60.929,4.0,5.6,
329,EQ,2000.0,1.0,Bangladesh,22.132,92.771,,,,,,1.0,4.6,
330,EQ,2000.0,1.0,China,40.498,122.994,,,30.0,1.0,,3.0,5.1,
331,EQ,2000.0,1.0,China,25.607,101.063,7.0,1.0,2528.0,4.0,73.5,4.0,5.9,
332,EQ,2000.0,2.0,Iran,35.288,58.218,1.0,1.0,15.0,1.0,,2.0,5.3,
333,EQ,2000.0,2.0,South Africa,-26.288,30.888,,,1.0,1.0,,1.0,4.5,
334,EQ,2000.0,3.0,Japan,22.338,143.73,,,,,,,7.6,
335,EQ,2000.0,4.0,Greece,34.22,25.69,,,,,,,5.5,
336,EQ,2000.0,5.0,Indonesia,-1.105,123.573,46.0,1.0,264.0,3.0,30.0,4.0,7.6,
337,EQ,2000.0,5.0,Turkey,38.164,38.777,,,1.0,1.0,,2.0,4.1,
338,EQ,2000.0,5.0,Taiwan,24.223,121.058,3.0,1.0,13.0,1.0,,1.0,5.4,
339,EQ,2000.0,6.0,Indonesia,-4.721,102.087,103.0,3.0,2174.0,4.0,6.0,3.0,7.9,
340,EQ,2000.0,6.0,Turkey,40.693,32.992,2.0,1.0,80.0,2.0,,3.0,6.0,
341,EQ,2000.0,6.0,China,26.856,97.238,,,,,,1.0,6.3,
342,EQ,2000.0,6.0,Indonesia,-4.612,101.905,1.0,1.0,,,,2.0,6.7,
343,EQ,2000.0,6.0,Taiwan,23.843,121.225,2.0,1.0,36.0,1.0,,1.0,6.4,
344,EQ,2000.0,6.0,Iceland,63.966,-20.487,,,1.0,1.0,20.0,3.0,6.5,
345,EQ,2000.0,6.0,Australia,-13.802,97.453,,,,,,,7.9,
346,EQ,2000.0,6.0,Iceland,63.98,-20.758,,,,,12.0,3.0,6.5,
347,EQ,2000.0,7.0,Japan,34.221,139.131,1.0,1.0,,3.0,,1.0,6.1,
348,EQ,2000.0,7.0,Nicaragua,11.884,-85.988,7.0,1.0,42.0,1.0,,3.0,5.4,
349,EQ,2000.0,7.0,Indonesia,-6.675,106.845,,,6.0,1.0,,2.0,5.4,
350,EQ,2000.0,7.0,Japan,34.319,139.26,,,10.0,1.0,,1.0,6.1,
351,EQ,2000.0,7.0,Philippines,20.253,122.043,,,6.0,1.0,,2.0,6.4,
352,EQ,2000.0,7.0,Japan,33.901,139.376,,,1.0,1.0,,1.0,6.5,
353,EQ,2000.0,8.0,Russia,48.786,142.246,,,8.0,1.0,0.92,1.0,6.8,
354,EQ,2000.0,8.0,China,25.826,102.194,1.0,1.0,406.0,3.0,43.0,4.0,4.2,
355,EQ,2000.0,9.0,United States,38.379,-122.413,,,41.0,1.0,50.0,4.0,5.0,
356,EQ,2000.0,10.0,Tanzania,-7.977,30.709,,,6.0,1.0,,1.0,6.5,
357,EQ,2000.0,10.0,Japan,35.456,133.134,,,130.0,3.0,150.0,4.0,6.7,
358,EQ,2000.0,10.0,Afghanistan,37.542,69.582,,,,,,2.0,5.1,
359,EQ,2000.0,11.0,Colombia,7.042,-77.829,,,2.0,1.0,,2.0,6.5,
360,EQ,2000.0,11.0,Guinea,-4.001,152.327,2.0,1.0,,,,2.0,8.0,
361,EQ,2000.0,11.0,Guinea,-5.233,153.102,,,,,,1.0,7.8,
362,EQ,2000.0,11.0,Guinea,-5.496,151.781,,,,,,,7.8,
363,EQ,2000.0,11.0,Azerbaijan,40.245,49.946,31.0,1.0,430.0,3.0,,1.0,6.8,
364,EQ,2000.0,12.0,Turkmenistan,39.566,54.799,11.0,1.0,,2.0,,1.0,7.0,
365,EQ,2000.0,12.0,Turkey,38.457,31.351,6.0,1.0,41.0,1.0,,1.0,6.0,
366,EQ,2001.0,1.0,Philippines,6.898,126.579,,,,,,,7.5,
367,EQ,2001.0,1.0,El Salvador,13.049,-88.66,844.0,3.0,4723.0,4.0,753.0,4.0,7.7,
368,EQ,2001.0,1.0,India,23.419,70.232,20005.0,4.0,166836.0,4.0,2623.0,4.0,7.7,
369,EQ,2001.0,2.0,El Salvador,13.671,-88.938,315.0,3.0,3399.0,4.0,348.5,4.0,6.6,
370,EQ,2001.0,2.0,Laos,21.396,102.715,,,4.0,1.0,,3.0,4.9,
371,EQ,2001.0,2.0,China,29.513,101.129,3.0,1.0,109.0,3.0,,3.0,5.6,
372,EQ,2001.0,2.0,United States,47.149,-122.727,1.0,1.0,400.0,3.0,2000.0,4.0,6.8,
373,EQ,2001.0,3.0,Japan,34.083,132.526,2.0,1.0,161.0,3.0,500.0,4.0,6.8,
374,EQ,2001.0,5.0,El Salvador,13.605,-88.795,1.0,1.0,,,,2.0,5.7,
375,EQ,2001.0,5.0,China,27.689,101.003,2.0,1.0,605.0,3.0,36.0,4.0,5.5,
376,EQ,2001.0,6.0,Afghanistan,35.169,69.389,4.0,1.0,20.0,1.0,,,5.0,
377,EQ,2001.0,6.0,Peru,-16.265,-73.641,103.0,3.0,2713.0,4.0,200.0,4.0,8.4,
378,EQ,2001.0,6.0,Turkey,37.238,36.206,,,130.0,3.0,,1.0,5.5,
379,EQ,2001.0,7.0,Peru,-16.086,-73.987,,,,,,2.0,6.6,
380,EQ,2001.0,7.0,Peru,-17.543,-72.077,1.0,1.0,30.0,1.0,,2.0,7.6,
381,EQ,2001.0,7.0,China,24.455,102.66,,,2.0,1.0,,1.0,4.3,
382,EQ,2001.0,7.0,Greece,39.059,24.244,,,,,,1.0,6.5,
383,EQ,2001.0,8.0,Peru,-14.258,-72.683,4.0,1.0,15.0,1.0,,2.0,5.8,
384,EQ,2001.0,9.0,United States,34.059,-118.387,,,,,,1.0,4.2,
385,EQ,2001.0,10.0,Canada,52.63,-132.2,,,,,,,6.1,
386,EQ,2001.0,10.0,Guam,12.686,144.98,,,1.0,1.0,,2.0,7.0,
387,EQ,2001.0,10.0,Indonesia,-4.102,123.907,,,,,,,7.5,
388,EQ,2001.0,10.0,China,26.316,100.648,1.0,1.0,220.0,3.0,,2.0,5.6,
389,EQ,2001.0,11.0,China,35.946,90.541,,,,,,1.0,7.8,
390,EQ,2001.0,12.0,Taiwan,23.954,122.734,,,,,,,6.8,
391,EQ,2001.0,12.0,Bangladesh,23.632,90.376,,,100.0,2.0,,1.0,4.5,
392,EQ,2002.0,1.0,Vanuatu,-17.6,167.856,,,,2.0,,1.0,7.2,
393,EQ,2002.0,1.0,Tajikistan,38.673,69.902,3.0,1.0,50.0,1.0,,2.0,5.3,
394,EQ,2002.0,1.0,Guinea,-3.212,142.427,1.0,1.0,,,,2.0,6.7,
395,EQ,2002.0,1.0,Chile,-19.384,-69.231,,,,,,1.0,5.6,
396,EQ,2002.0,1.0,Rwanda,-1.684,29.077,1001.0,2.0,400.0,3.0,,3.0,4.7,
397,EQ,2002.0,1.0,Mexico,18.194,-95.908,,,,,,1.0,5.9,
398,EQ,2002.0,2.0,Turkey,38.573,31.271,44.0,1.0,318.0,3.0,,2.0,6.5,
399,EQ,2002.0,2.0,Tajikistan,38.773,69.924,,,,2.0,,1.0,4.9,
400,EQ,2002.0,2.0,Iran,28.093,51.755,1.0,1.0,30.0,1.0,,2.0,5.4,
401,EQ,2002.0,2.0,Mexico,32.319,-115.322,,,,,,1.0,5.5,
402,EQ,2002.0,3.0,Afghanistan,36.502,70.482,166.0,3.0,,2.0,,3.0,7.4,
403,EQ,2002.0,3.0,Philippines,6.033,124.249,15.0,1.0,100.0,2.0,1.714,2.0,7.5,
404,EQ,2002.0,3.0,Afghanistan,36.062,69.315,1000.0,3.0,200.0,3.0,,4.0,6.1,
405,EQ,2002.0,3.0,Japan,23.346,124.09,,,,,,,6.4,
406,EQ,2002.0,3.0,Taiwan,24.279,122.179,5.0,1.0,200.0,3.0,,2.0,7.1,
407,EQ,2002.0,4.0,Chile,-29.67,-71.384,,,,,,1.0,6.4,
408,EQ,2002.0,4.0,Afghanistan,39.959,69.417,50.0,1.0,150.0,3.0,,,5.9,
409,EQ,2002.0,4.0,Chile,-27.535,-70.586,,,19.0,1.0,,2.0,6.6,
410,EQ,2002.0,4.0,United States,44.513,-73.699,,,,,,1.0,5.2,
411,EQ,2002.0,4.0,Kosovo,42.436,21.466,1.0,1.0,60.0,2.0,,1.0,5.7,
412,EQ,2002.0,4.0,Iran,34.642,47.4,2.0,1.0,56.0,2.0,,4.0,5.4,
413,EQ,2002.0,4.0,United States,41.765,44.96,5.0,1.0,52.0,2.0,,3.0,4.3,
414,EQ,2002.0,4.0,Guam,13.088,144.619,,,5.0,1.0,,1.0,7.1,
415,EQ,2002.0,5.0,Tanzania,-2.907,33.733,2.0,1.0,,,,2.0,5.5,
416,EQ,2002.0,5.0,Argentina,-28.937,-66.797,,,27.0,1.0,,2.0,6.0,
417,EQ,2002.0,6.0,Bangladesh,25.842,88.932,,,55.0,2.0,,1.0,4.5,
418,EQ,2002.0,6.0,Iran,35.626,49.047,261.0,3.0,1300.0,4.0,300.0,4.0,6.5,
419,EQ,2002.0,7.0,Germany,50.889,6.103,,,,,,1.0,4.8,
420,EQ,2002.0,7.0,Costa Rica,7.929,-82.793,,,11.0,1.0,,2.0,6.5,
421,EQ,2002.0,8.0,China,30.916,99.927,,,,,,1.0,5.3,
422,EQ,2002.0,8.0,Northern Mariana Islands,14.101,146.199,,,,,,1.0,6.5,
423,EQ,2002.0,8.0,Indonesia,-1.196,121.333,48.0,1.0,,,,2.0,6.2,
424,EQ,2002.0,8.0,Fiji,-21.696,-179.513,,,,,,,7.7,
425,EQ,2002.0,8.0,Fiji,-23.884,178.495,,,,,,,7.7,
426,EQ,2002.0,8.0,Egypt,30.2,31.41,,,,,,1.0,4.4,
427,EQ,2002.0,9.0,Iran,35.701,48.838,,,,,,1.0,5.2,
428,EQ,2002.0,9.0,Kyrgyzstan,39.77,72.007,,,,,,1.0,5.5,
429,EQ,2002.0,9.0,Italy,38.381,13.701,2.0,1.0,20.0,1.0,500.0,4.0,6.0,
430,EQ,2002.0,9.0,Guinea,-3.26,142.94,4.0,1.0,70.0,2.0,,3.0,7.6,
431,EQ,2002.0,9.0,India,13.036,93.068,2.0,1.0,,,,2.0,6.5,
432,EQ,2002.0,9.0,Guinea,-1.68,134.234,,,,,,1.0,6.4,
433,EQ,2002.0,9.0,United Kingdom,52.52,-2.15,,,1.0,1.0,,1.0,4.8,
434,EQ,2002.0,9.0,Mexico,16.87,-100.113,,,2.0,1.0,,1.0,5.3,
435,EQ,2002.0,9.0,Iran,31.995,49.329,,,5.0,1.0,,2.0,5.6,
436,EQ,2002.0,9.0,France,47.832,-3.207,,,,,,1.0,4.2,
437,EQ,2002.0,10.0,Guinea,-1.757,134.297,8.0,1.0,632.0,3.0,,3.0,7.6,
438,EQ,2002.0,10.0,United States,63.514,-147.912,,,,,,2.0,6.7,
439,EQ,2002.0,10.0,Rwanda,-1.884,29.004,2.0,1.0,,,,1.0,6.2,
440,EQ,2002.0,10.0,Italy,37.67,15.267,,,9.0,1.0,,1.0,4.3,
441,EQ,2002.0,10.0,Italy,41.789,14.872,29.0,1.0,135.0,3.0,796.0,4.0,5.7,
442,EQ,2002.0,11.0,Pakistan,35.517,74.654,11.0,1.0,40.0,1.0,,3.0,5.4,
443,EQ,2002.0,11.0,Indonesia,2.824,96.085,3.0,1.0,65.0,2.0,,3.0,7.3,
444,EQ,2002.0,11.0,United States,63.517,-147.444,,,1.0,1.0,56.0,4.0,7.9,
445,EQ,2002.0,11.0,Pakistan,35.414,74.515,19.0,1.0,40.0,1.0,,3.0,6.3,
446,EQ,2002.0,11.0,Vanuatu,-14.49,167.827,,,3.0,1.0,,2.0,5.9,
447,EQ,2002.0,12.0,Greece,37.747,21.087,,,17.0,1.0,,2.0,5.7,
448,EQ,2002.0,12.0,China,39.736,97.443,2.0,1.0,,,,3.0,5.5,
449,EQ,2002.0,12.0,Iran,34.594,47.454,,,15.0,1.0,,3.0,5.2,
450,EQ,2002.0,12.0,China,39.57,75.254,,,,,,1.0,5.7,
451,EQ,2002.0,12.0,Afghanistan,35.704,69.868,,,,,,1.0,5.5,
452,EQ,2003.0,1.0,Iran,29.59,51.474,,,,2.0,,3.0,5.2,
453,EQ,2003.0,1.0,Solomon Islands,-10.491,160.77,,,,,,,7.3,
454,EQ,2003.0,1.0,Mexico,18.77,-104.104,29.0,1.0,300.0,3.0,,3.0,7.5,
455,EQ,2003.0,1.0,Indonesia,-8.807,118.524,,,2.0,1.0,,2.0,5.5,
456,EQ,2003.0,1.0,Italy,43.883,11.96,,,,,,1.0,4.7,
457,EQ,2003.0,1.0,Turkey,39.5,39.878,1.0,1.0,,2.0,,1.0,6.1,
458,EQ,2003.0,2.0,China,43.897,85.923,,,,,,1.0,5.3,
459,EQ,2003.0,2.0,Philippines,12.171,123.921,,,,,,1.0,5.8,
460,EQ,2003.0,2.0,Philippines,12.168,124.079,,,,,,1.0,6.3,
461,EQ,2003.0,2.0,United States,34.31,-116.848,,,,,,1.0,5.2,
462,EQ,2003.0,2.0,Germany,48.342,6.57,,,,,,1.0,5.0,
463,EQ,2003.0,2.0,China,39.61,77.23,261.0,3.0,4000.0,4.0,,4.0,6.3,
464,EQ,2003.0,2.0,China,39.483,77.393,5.0,1.0,,,,1.0,5.4,
465,EQ,2003.0,3.0,Indonesia,-6.983,108.468,,,,,,2.0,4.6,
466,EQ,2003.0,3.0,Germany,48.21,9.0,,,,,,1.0,4.7,
467,EQ,2003.0,3.0,Indonesia,-8.294,120.743,4.0,1.0,20.0,1.0,,1.0,6.5,
468,EQ,2003.0,3.0,Bhutan,27.264,89.331,,,,,,1.0,5.5,
469,EQ,2003.0,4.0,Turkey,38.221,26.958,,,90.0,2.0,,2.0,5.7,
470,EQ,2003.0,4.0,China,37.529,96.476,,,,,,1.0,6.4,
471,EQ,2003.0,4.0,United States,34.494,-85.629,,,,,,1.0,4.6,
472,EQ,2003.0,5.0,Turkey,39.007,40.464,177.0,3.0,521.0,3.0,,3.0,6.4,
473,EQ,2003.0,5.0,China,39.43,77.219,1.0,1.0,3.0,1.0,,3.0,5.8,
474,EQ,2003.0,5.0,Algeria,36.964,3.634,2266.0,4.0,10261.0,4.0,5000.0,4.0,6.8,
475,EQ,2003.0,5.0,Japan,38.849,141.568,,,143.0,3.0,233.0,4.0,7.0,
476,EQ,2003.0,5.0,Aruba,2.354,128.855,1.0,1.0,7.0,1.0,,1.0,7.0,
477,EQ,2003.0,5.0,Algeria,36.939,3.578,9.0,1.0,200.0,3.0,,2.0,5.7,
478,EQ,2003.0,6.0,United States,36.87,-88.98,,,,,,1.0,4.0,
479,EQ,2003.0,6.0,Greece,39.893,22.309,,,,,,1.0,5.2,
480,EQ,2003.0,6.0,Argentina,-30.608,-71.637,,,1.0,1.0,,1.0,6.8,
481,EQ,2003.0,7.0,Iran,35.476,60.784,,,,,,1.0,5.2,
482,EQ,2003.0,7.0,Iran,28.355,54.169,1.0,1.0,25.0,1.0,,3.0,5.8,
483,EQ,2003.0,7.0,India,-2.598,68.382,,,,,,,7.6,
484,EQ,2003.0,7.0,China,25.975,101.29,16.0,1.0,584.0,3.0,75.0,4.0,5.9,
485,EQ,2003.0,7.0,Japan,38.432,141.003,,,569.0,3.0,411.0,4.0,5.5,
486,EQ,2003.0,7.0,Turkey,38.111,28.887,,,,2.0,,1.0,4.5,
487,EQ,2003.0,7.0,Turkey,38.019,28.927,,,10.0,1.0,,1.0,5.4,
488,EQ,2003.0,7.0,Bangladesh,22.854,92.306,2.0,1.0,25.0,1.0,,2.0,5.7,
489,EQ,2003.0,8.0,SCOTIA SEA:  SOUTH ORKNEY ISLANDS: LAURIE IS,-60.532,-43.411,,,,,,1.0,7.6,
490,EQ,2003.0,8.0,Indonesia,1.142,128.152,,,,,,2.0,6.0,
491,EQ,2003.0,8.0,Panama,9.355,-79.941,,,,,,1.0,5.4,
492,EQ,2003.0,8.0,Greece,39.16,20.605,,,50.0,1.0,,2.0,6.3,
493,EQ,2003.0,8.0,China,43.77,119.643,4.0,1.0,1000.0,3.0,,3.0,5.4,
494,EQ,2003.0,8.0,China,29.573,95.605,,,,,,1.0,5.5,
495,EQ,2003.0,8.0,New Zealand,-45.104,167.144,,,,,,1.0,7.2,
496,EQ,2003.0,9.0,Italy,44.329,11.45,,,,2.0,,1.0,5.3,
497,EQ,2003.0,9.0,Japan,34.998,140.172,,,7.0,1.0,,1.0,5.7,
498,EQ,2003.0,9.0,Myanmar,19.917,95.672,,,,,,1.0,6.6,
499,EQ,2003.0,9.0,Dominica,19.777,-70.673,3.0,1.0,15.0,1.0,,3.0,6.4,
500,EQ,2003.0,9.0,Japan,41.815,143.91,2.0,1.0,849.0,3.0,90.0,4.0,8.3,
501,EQ,2003.0,9.0,Russia,50.038,87.813,3.0,1.0,5.0,1.0,10.6,3.0,7.3,
502,EQ,2003.0,9.0,Russia,50.0,87.89,,,,,,1.0,4.4,
503,EQ,2003.0,9.0,New Zealand,-43.34,173.04,,,,,,1.0,4.8,
504,EQ,2003.0,10.0,Russia,50.211,87.721,,,,,,1.0,6.7,
505,EQ,2003.0,10.0,Japan,35.457,139.871,,,,,,1.0,5.2,
506,EQ,2003.0,10.0,Dominica,19.761,-70.693,,,,,,1.0,4.5,
507,EQ,2003.0,10.0,China,25.954,101.254,3.0,1.0,32.0,1.0,,3.0,5.6,
508,EQ,2003.0,10.0,China,38.4,100.951,9.0,1.0,43.0,1.0,40.0,4.0,5.8,
509,EQ,2003.0,10.0,Japan,37.812,142.619,,,,,,,7.0,
510,EQ,2003.0,11.0,China,34.712,103.834,1.0,1.0,30.0,1.0,,1.0,5.1,
511,EQ,2003.0,11.0,China,27.372,103.971,4.0,1.0,65.0,1.0,,2.0,5.6,
512,EQ,2003.0,11.0,United States,51.146,178.65,,,,,,,7.8,
513,EQ,2003.0,11.0,Philippines,12.025,125.416,1.0,1.0,21.0,1.0,,2.0,6.5,
514,EQ,2003.0,11.0,China,27.283,103.753,,,4.0,1.0,,4.0,4.7,
515,EQ,2003.0,12.0,China,42.905,80.515,11.0,1.0,47.0,1.0,,3.0,6.0,
516,EQ,2003.0,12.0,Indonesia,-8.137,120.524,,,,,,1.0,4.9,
517,EQ,2003.0,12.0,Taiwan,23.039,121.362,,,1.0,1.0,,1.0,6.8,
518,EQ,2003.0,12.0,Iran,31.953,49.209,,,5.0,1.0,,1.0,5.0,
519,EQ,2003.0,12.0,Bulgaria,43.083,27.486,,,,,,2.0,4.4,
520,EQ,2003.0,12.0,United States,35.706,-121.102,2.0,1.0,40.0,1.0,300.0,4.0,6.6,
521,EQ,2003.0,12.0,Costa Rica,8.416,-82.824,2.0,1.0,75.0,2.0,,2.0,6.5,
522,EQ,2003.0,12.0,Iran,28.995,58.311,31000.0,4.0,30000.0,4.0,32.7,4.0,6.6,
523,EQ,2003.0,12.0,New Caledonia,-22.107,169.35,,,,,,,6.1,
524,EQ,2004.0,1.0,Indonesia,-8.31,115.788,1.0,1.0,29.0,1.0,12.0,3.0,5.8,
525,EQ,2004.0,1.0,Mexico,17.488,-101.303,,,,,,1.0,6.1,
526,EQ,2004.0,1.0,Slovakia,48.758,19.217,,,,,,1.0,2.2,
527,EQ,2004.0,1.0,Algeria,36.852,3.418,,,300.0,3.0,,1.0,4.4,
528,EQ,2004.0,1.0,Iran,27.695,52.397,,,,,,1.0,5.2,
529,EQ,2004.0,1.0,Indonesia,-3.12,127.4,,,,,,,6.7,
530,EQ,2004.0,2.0,Costa Rica,8.358,-82.877,,,4.0,1.0,,1.0,6.1,
531,EQ,2004.0,2.0,Indonesia,-3.615,135.538,37.0,1.0,682.0,3.0,1.0,2.0,7.0,
532,EQ,2004.0,2.0,Indonesia,-4.003,135.023,,,,,,1.0,7.3,
533,EQ,2004.0,2.0,Israel,31.675,35.551,,,4.0,1.0,,2.0,5.3,
534,EQ,2004.0,2.0,Pakistan,34.774,73.216,24.0,1.0,40.0,1.0,,3.0,5.4,
535,EQ,2004.0,2.0,Indonesia,-0.466,100.655,5.0,1.0,7.0,1.0,,,5.1,
536,EQ,2004.0,2.0,Indonesia,-1.559,100.488,,,1.0,1.0,,1.0,6.0,
537,EQ,2004.0,2.0,Burundi,-3.393,29.558,3.0,1.0,,,,1.0,4.7,
538,EQ,2004.0,2.0,Morocco,35.142,-3.997,628.0,3.0,926.0,3.0,400.0,4.0,6.4,
539,EQ,2004.0,3.0,Greece,37.136,22.116,,,,,,1.0,5.2,
540,EQ,2004.0,3.0,China,45.382,118.256,,,100.0,2.0,74.0,4.0,5.4,
541,EQ,2004.0,3.0,Turkey,39.93,40.812,10.0,1.0,46.0,1.0,,1.0,5.6,
542,EQ,2004.0,3.0,Turkey,39.847,40.874,,,12.0,1.0,,1.0,5.6,
543,EQ,2004.0,4.0,Afghanistan,36.512,71.029,3.0,1.0,5.0,1.0,,,6.5,
544,EQ,2004.0,4.0,Indonesia,-1.549,100.54,,,,,,1.0,5.4,
545,EQ,2004.0,4.0,Indonesia,-8.669,114.65,,,,,,1.0,5.5,
546,EQ,2004.0,4.0,Indonesia,-9.362,122.839,,,,,,1.0,6.7,
547,EQ,2004.0,5.0,Taiwan,24.081,121.611,2.0,1.0,1.0,1.0,,1.0,5.2,
548,EQ,2004.0,5.0,Chile,-37.695,-73.406,,,,,,1.0,6.6,
549,EQ,2004.0,5.0,China,37.506,96.758,,,,,,3.0,5.4,
550,EQ,2004.0,5.0,Iran,29.881,51.474,,,,,,1.0,5.0,
551,EQ,2004.0,5.0,Pakistan,30.126,67.121,1.0,1.0,30.0,1.0,,1.0,4.5,
552,EQ,2004.0,5.0,Philippines,9.926,124.038,,,,,,1.0,4.1,
553,EQ,2004.0,5.0,Iran,36.29,51.61,35.0,1.0,400.0,3.0,165.0,4.0,6.3,
554,EQ,2004.0,5.0,Russia,47.311,142.12,,,,,,1.0,4.9,
555,EQ,2004.0,6.0,Saudi Arabia,27.836,36.905,,,,,,1.0,4.6,
556,EQ,2004.0,6.0,Chile,-38.854,-73.155,,,,,,1.0,5.9,
557,EQ,2004.0,7.0,Turkey,39.766,43.979,18.0,1.0,21.0,1.0,,,5.1,
558,EQ,2004.0,7.0,Slovenia,46.296,13.641,1.0,1.0,5.0,1.0,,1.0,5.2,
559,EQ,2004.0,7.0,Afghanistan,34.89,61.852,,,,,,2.0,4.6,
560,EQ,2004.0,7.0,New Zealand,-38.0,176.51,1.0,1.0,2.0,1.0,,2.0,5.4,
561,EQ,2004.0,7.0,Afghanistan,33.426,69.524,2.0,1.0,40.0,1.0,,3.0,5.2,
562,EQ,2004.0,7.0,Turkey,39.634,43.966,1.0,1.0,5.0,1.0,,1.0,4.0,
563,EQ,2004.0,8.0,Turkey,36.833,27.815,,,15.0,1.0,,,5.6,
564,EQ,2004.0,8.0,China,27.266,103.873,4.0,1.0,600.0,3.0,50.0,4.0,5.4,
565,EQ,2004.0,8.0,Turkey,38.377,39.261,1.0,1.0,11.0,1.0,,1.0,5.7,
566,EQ,2004.0,9.0,Japan,33.07,136.618,,,4.0,1.0,,1.0,7.2,
567,EQ,2004.0,9.0,Japan,33.184,137.071,,,40.0,1.0,,1.0,7.4,
568,EQ,2004.0,9.0,Argentina,-28.573,-65.84,1.0,1.0,,2.0,,1.0,6.1,
569,EQ,2004.0,9.0,China,34.682,103.781,,,19.0,1.0,,3.0,5.2,
570,EQ,2004.0,9.0,Poland,54.841,19.912,,,3.0,1.0,,1.0,4.8,
571,EQ,2004.0,9.0,United States,35.819,-120.364,,,,,,1.0,6.0,
572,EQ,2004.0,10.0,China,11.989,-86.52,,,,,,1.0,5.6,
573,EQ,2004.0,10.0,Iran,37.125,54.477,,,60.0,2.0,,,5.6,
574,EQ,2004.0,10.0,Taiwan,24.53,122.694,,,,2.0,,1.0,6.6,
575,EQ,2004.0,10.0,China,25.073,99.169,,,12.0,1.0,,3.0,4.4,
576,EQ,2004.0,10.0,Japan,37.226,138.779,40.0,1.0,3183.0,4.0,28000.0,4.0,6.6,
577,EQ,2004.0,10.0,Japan,37.284,138.885,,,5.0,1.0,,1.0,5.9,
578,EQ,2004.0,10.0,Bulgaria,45.787,26.622,,,,,,1.0,5.8,
579,EQ,2004.0,11.0,Canada,49.277,-128.772,,,,,,,6.6,
580,EQ,2004.0,11.0,Greece,35.945,23.115,,,,,,1.0,5.2,
581,EQ,2004.0,11.0,Japan,37.396,138.862,,,8.0,1.0,,1.0,5.5,
582,EQ,2004.0,11.0,Indonesia,-8.152,124.868,34.0,1.0,400.0,3.0,,3.0,7.5,
583,EQ,2004.0,11.0,Colombia,4.695,-77.508,,,10.0,1.0,,3.0,7.2,
584,EQ,2004.0,11.0,Iran,32.023,48.836,,,,,,1.0,4.8,
585,EQ,2004.0,11.0,Costa Rica,9.602,-84.172,8.0,1.0,,2.0,,3.0,6.4,
586,EQ,2004.0,11.0,Guadeloupe,15.679,-61.706,1.0,1.0,12.0,1.0,,2.0,6.3,
587,EQ,2004.0,11.0,Iran,33.297,47.977,,,,2.0,,1.0,5.0,
588,EQ,2004.0,11.0,New Zealand,-46.676,164.721,,,,,,1.0,7.1,
589,EQ,2004.0,11.0,Italy,45.626,10.559,,,9.0,1.0,,2.0,5.1,
590,EQ,2004.0,11.0,Indonesia,-3.609,135.404,32.0,1.0,130.0,3.0,55.0,4.0,7.1,
591,EQ,2004.0,11.0,Japan,43.006,145.119,,,24.0,1.0,,1.0,7.0,
592,EQ,2004.0,12.0,Algeria,36.848,3.448,,,15.0,1.0,,1.0,4.5,
593,EQ,2004.0,12.0,TRINIDAD:  MAYARO,10.49,-61.48,,,,,,1.0,5.8,
594,EQ,2004.0,12.0,Germany,48.115,8.077,,,,,,1.0,4.8,
595,EQ,2004.0,12.0,Algeria,36.865,3.421,,,46.0,1.0,,,4.5,
596,EQ,2004.0,12.0,Japan,42.9,145.228,,,4.0,1.0,,,6.8,
597,EQ,2004.0,12.0,India,24.757,92.539,,,,2.0,,1.0,5.4,
598,EQ,2004.0,12.0,Japan,44.119,141.793,,,3.0,1.0,,1.0,5.8,
599,EQ,2004.0,12.0,Turkey,37.042,28.206,,,3.0,1.0,,1.0,5.4,
600,EQ,2004.0,12.0,Australia,-49.312,161.345,,,,,,,8.1,
601,EQ,2004.0,12.0,Indonesia,3.316,95.854,227899.0,4.0,,3.0,10000.0,4.0,9.1,
602,EQ,2005.0,1.0,Iran,37.103,54.574,,,110.0,3.0,,,5.4,
603,EQ,2005.0,1.0,Japan,34.064,141.491,,,,,,,6.6,
604,EQ,2005.0,1.0,New Zealand,-41.223,175.21,,,,,,1.0,5.3,
605,EQ,2005.0,1.0,Indonesia,-1.198,119.933,1.0,1.0,4.0,1.0,,2.0,6.3,
606,EQ,2005.0,1.0,Ecuador,-1.364,-80.785,,,,,,2.0,6.1,
607,EQ,2005.0,1.0,China,22.526,100.709,,,3.0,1.0,,1.0,4.8,
608,EQ,2005.0,1.0,Turkey,37.622,43.703,2.0,1.0,22.0,1.0,,1.0,5.9,
609,EQ,2005.0,1.0,Spain,37.91,-1.82,,,,,,2.0,4.4,
610,EQ,2005.0,2.0,Indonesia,-7.037,107.819,1.0,1.0,,2.0,,2.0,4.8,
611,EQ,2005.0,2.0,Guadeloupe,15.775,-61.744,,,,,,,5.8,
612,EQ,2005.0,2.0,China,41.728,79.44,,,,,,3.0,6.1,
613,EQ,2005.0,2.0,India,24.55,92.524,,,,,,1.0,5.1,
614,EQ,2005.0,2.0,Iran,30.754,56.816,612.0,3.0,1411.0,4.0,,4.0,6.4,
615,EQ,2005.0,3.0,Pakistan,30.378,68.038,,,1.0,1.0,,1.0,4.9,
616,EQ,2005.0,3.0,South Africa,-26.913,26.789,2.0,1.0,58.0,2.0,,2.0,4.3,
617,EQ,2005.0,3.0,Turkey,39.44,40.978,,,16.0,1.0,,2.0,5.6,
618,EQ,2005.0,3.0,Iran,27.095,61.887,,,,,,1.0,6.0,
619,EQ,2005.0,3.0,Turkey,39.354,40.89,,,18.0,1.0,,3.0,5.8,
620,EQ,2005.0,3.0,India,17.145,73.73,,,45.0,1.0,,2.0,4.9,
621,EQ,2005.0,3.0,India,17.072,73.668,,,,,,1.0,4.3,
622,EQ,2005.0,3.0,Japan,33.807,130.131,1.0,1.0,500.0,3.0,,2.0,6.6,
623,EQ,2005.0,3.0,Indonesia,2.085,97.108,1313.0,4.0,340.0,3.0,,4.0,8.6,
624,EQ,2005.0,4.0,Indonesia,-1.644,99.607,,,,,,,6.7,
625,EQ,2005.0,6.0,Chile,-19.987,-69.197,11.0,1.0,200.0,3.0,,,7.7,
626,EQ,2005.0,6.0,United States,41.301,-125.97,,,,,,,7.2,
627,EQ,2005.0,7.0,Indonesia,1.819,97.082,,,,,,1.0,6.7,
628,EQ,2005.0,7.0,Indonesia,-1.174,119.963,,,,,,1.0,5.9,
629,EQ,2005.0,7.0,Albania,42.389,19.812,,,,,,1.0,5.2,
630,EQ,2005.0,7.0,Indonesia,-9.948,124.48,,,,,,1.0,5.3,
631,EQ,2005.0,7.0,Japan,35.498,139.982,,,27.0,1.0,,1.0,5.9,
632,EQ,2005.0,7.0,India,7.92,92.19,,,,,,1.0,7.2,
633,EQ,2005.0,7.0,China,46.827,125.058,1.0,1.0,12.0,1.0,,,4.7,
634,EQ,2005.0,7.0,United States,45.365,-112.615,,,,,,1.0,5.6,
635,EQ,2005.0,7.0,Turkey,39.437,33.089,,,,,,1.0,5.3,
636,EQ,2005.0,8.0,China,26.569,103.036,,,9.0,1.0,,2.0,4.8,
637,EQ,2005.0,8.0,Vietnam,9.985,108.383,,,,,,1.0,4.5,
638,EQ,2005.0,8.0,Iran,28.85,52.56,,,,,,1.0,5.1,
639,EQ,2005.0,8.0,China,23.627,104.103,,,26.0,1.0,,1.0,4.5,
640,EQ,2005.0,8.0,Chile,-19.78,-68.98,,,,,,1.0,5.8,
641,EQ,2005.0,8.0,India,17.398,74.118,,,,,,2.0,4.4,
642,EQ,2005.0,8.0,Japan,38.276,142.039,,,56.0,2.0,,1.0,7.2,
643,EQ,2005.0,8.0,India,30.924,78.56,,,,,,1.0,4.4,
644,EQ,2005.0,8.0,India,17.067,73.773,,,,,,1.0,4.7,
645,EQ,2005.0,9.0,Guinea,-4.539,153.474,,,,,,,7.7,
646,EQ,2005.0,9.0,Ethiopia,12.471,40.634,,,,,,2.0,5.6,
647,EQ,2005.0,9.0,Peru,-5.678,-76.398,5.0,1.0,60.0,2.0,,2.0,7.5,
648,EQ,2005.0,10.0,Peru,-16.635,-70.794,,,10.0,1.0,,1.0,5.3,
649,EQ,2005.0,10.0,Pakistan,34.539,73.588,76213.0,4.0,146599.0,4.0,6680.0,4.0,7.6,
650,EQ,2005.0,10.0,Turkey,38.152,26.751,1.0,1.0,15.0,1.0,,1.0,5.9,
651,EQ,2005.0,10.0,Ecuador,-0.507,-77.745,,,,,,1.0,4.8,
652,EQ,2005.0,10.0,China,23.604,107.798,1.0,1.0,1.0,1.0,,1.0,4.2,
653,EQ,2005.0,10.0,Peru,-5.852,-78.704,,,,,,,5.4,
654,EQ,2005.0,11.0,Japan,38.107,144.896,,,,,,,7.0,
655,EQ,2005.0,11.0,China,29.695,115.689,16.0,1.0,8000.0,4.0,,3.0,5.2,
656,EQ,2005.0,11.0,Turkey,38.26,38.814,,,,,,1.0,4.4,
657,EQ,2005.0,11.0,Iran,26.774,55.858,13.0,1.0,100.0,2.0,,2.0,6.0,
658,EQ,2005.0,12.0,CONGO:  KALEMIE,-6.224,29.83,6.0,1.0,,,,1.0,6.8,
659,EQ,2005.0,12.0,Afghanistan,36.357,71.093,5.0,1.0,1.0,1.0,,1.0,6.5,
660,EQ,2005.0,12.0,India,30.476,79.255,1.0,1.0,4.0,1.0,,2.0,5.3,
661,EQ,2005.0,12.0,Turkey,38.804,26.783,,,,,,1.0,4.3,
662,EQ,2006.0,1.0,Greece,36.311,23.212,,,3.0,1.0,,1.0,6.7,
663,EQ,2006.0,1.0,Indonesia,-5.473,128.131,,,,,,,7.6,
664,EQ,2006.0,2.0,India,27.382,88.388,2.0,1.0,2.0,1.0,,1.0,5.3,
665,EQ,2006.0,2.0,Bulgaria,41.708,25.544,,,2.0,1.0,,,4.6,
666,EQ,2006.0,2.0,Mozambique,-21.324,33.583,4.0,1.0,36.0,1.0,,2.0,7.0,
667,EQ,2006.0,2.0,Bhutan,26.912,91.705,,,,,,1.0,5.8,
668,EQ,2006.0,2.0,Iran,28.12,56.865,,,6.0,1.0,,2.0,6.0,
669,EQ,2006.0,3.0,India,23.777,70.899,,,7.0,1.0,,1.0,5.5,
670,EQ,2006.0,3.0,Pakistan,33.129,73.887,1.0,1.0,22.0,1.0,,,4.9,
671,EQ,2006.0,3.0,Indonesia,-3.595,127.214,4.0,1.0,,,,2.0,6.7,
672,EQ,2006.0,3.0,Algeria,36.623,5.328,4.0,1.0,9.0,1.0,,,4.9,
673,EQ,2006.0,3.0,Iran,27.574,55.685,1.0,1.0,1.0,1.0,,1.0,5.9,
674,EQ,2006.0,3.0,Indonesia,3.462,97.224,,,,,,1.0,5.0,
675,EQ,2006.0,3.0,Iran,33.5,48.78,70.0,2.0,1300.0,4.0,,3.0,6.1,
676,EQ,2006.0,3.0,China,44.624,124.122,,,,,,1.0,4.9,
677,EQ,2006.0,4.0,Taiwan,22.868,121.278,,,42.0,1.0,,1.0,6.2,
678,EQ,2006.0,4.0,Pakistan,34.6,73.136,,,28.0,1.0,,1.0,4.8,
679,EQ,2006.0,4.0,India,23.322,70.477,,,,,,1.0,5.5,
680,EQ,2006.0,4.0,Greece,37.64,20.92,,,,,,1.0,5.5,
681,EQ,2006.0,4.0,China,31.607,90.413,,,,,,1.0,5.7,
682,EQ,2006.0,4.0,Russia,60.949,167.089,,,40.0,1.0,55.0,4.0,7.6,
683,EQ,2006.0,5.0,Tonga,-20.187,-174.123,,,1.0,1.0,,1.0,7.9,
684,EQ,2006.0,5.0,Panama,8.898,-82.543,,,,,,1.0,4.5,
685,EQ,2006.0,5.0,Iran,30.79,56.7,,,70.0,2.0,,1.0,4.1,
686,EQ,2006.0,5.0,Indonesia,-5.575,105.395,,,,,,1.0,5.5,
687,EQ,2006.0,5.0,Indonesia,-7.961,110.446,5749.0,4.0,38568.0,4.0,3100.0,4.0,6.3,
688,EQ,2006.0,6.0,Iran,26.759,55.843,2.0,1.0,4.0,1.0,,1.0,5.1,
689,EQ,2006.0,6.0,Turkey,37.605,43.787,,,,,,1.0,4.1,
690,EQ,2006.0,6.0,Malawi,-14.52,34.28,,,,,,1.0,3.8,
691,EQ,2006.0,6.0,Japan,33.129,131.141,,,8.0,1.0,,,6.3,
692,EQ,2006.0,6.0,Albania,40.27,19.96,,,1.0,1.0,,1.0,4.5,
693,EQ,2006.0,6.0,China,33.068,104.95,,,5.0,1.0,,1.0,4.5,
694,EQ,2006.0,7.0,Indonesia,-9.254,107.411,802.0,3.0,498.0,3.0,55.0,4.0,7.7,
695,EQ,2006.0,7.0,China,27.995,104.138,22.0,1.0,106.0,3.0,,,4.9,
696,EQ,2006.0,7.0,Tajikistan,37.255,68.828,3.0,1.0,19.0,1.0,,,5.6,
697,EQ,2006.0,8.0,Argentina,-33.131,-68.707,,,,,,1.0,5.6,
698,EQ,2006.0,8.0,Tajikistan,38.246,69.22,,,,,,1.0,4.7,
699,EQ,2006.0,8.0,France,45.84,-0.14,,,,,,1.0,4.3,
700,EQ,2006.0,8.0,China,28.012,104.151,1.0,1.0,31.0,1.0,,2.0,4.6,
701,EQ,2006.0,9.0,Mexico,26.319,-86.606,,,,,,,5.8,
702,EQ,2006.0,9.0,Samoa,-16.592,-172.033,,,,,,,6.9,
703,EQ,2006.0,9.0,Spain,10.876,-61.756,,,3.0,1.0,,1.0,6.1,
704,EQ,2006.0,9.0,TRINIDAD:  GASPARILLO,10.814,-61.758,1.0,1.0,,,,,5.5,
705,EQ,2006.0,10.0,United States,19.878,-155.935,,,,3.0,73.0,4.0,6.7,
706,EQ,2006.0,10.0,Peru,-13.457,-76.677,,,,,,1.0,6.7,
707,EQ,2006.0,10.0,China,31.56,113.21,,,,,,2.0,4.5,
708,EQ,2006.0,11.0,China,43.469,119.558,,,,,,3.0,4.7,
709,EQ,2006.0,11.0,Russia,46.592,153.266,,,1.0,1.0,,2.0,8.3,
710,EQ,2006.0,11.0,France,42.99,-0.05,,,,,,1.0,4.7,
711,EQ,2006.0,11.0,Hungary,48.195,22.46,,,,,,1.0,4.8,
712,EQ,2006.0,11.0,China,44.229,83.524,,,,,,2.0,4.7,
713,EQ,2006.0,11.0,Indonesia,-3.728,119.233,,,,,,1.0,5.2,
714,EQ,2006.0,11.0,Indonesia,2.52,128.283,,,,,,2.0,6.2,
715,EQ,2006.0,12.0,Indonesia,-8.251,118.777,1.0,1.0,14.0,1.0,,1.0,6.3,
716,EQ,2006.0,12.0,Switzerland,47.58,7.6,,,,,,1.0,3.9,
717,EQ,2006.0,12.0,Thailand,18.901,98.916,,,,,,1.0,4.6,
718,EQ,2006.0,12.0,Indonesia,0.626,99.859,7.0,1.0,100.0,2.0,,3.0,5.8,
719,EQ,2006.0,12.0,India,26.88,76.15,,,,,,1.0,4.2,
720,EQ,2006.0,12.0,Kyrgyzstan,42.156,76.163,,,,,,2.0,5.8,
721,EQ,2006.0,12.0,Taiwan,21.799,120.547,2.0,1.0,40.0,1.0,,1.0,7.0,
722,EQ,2006.0,12.0,Hungary,47.449,19.343,,,,,,1.0,4.1,
723,EQ,2007.0,1.0,Kyrgyzstan,39.803,70.311,,,,,,2.0,6.0,
724,EQ,2007.0,1.0,China,37.021,103.911,,,,,,3.0,4.5,
725,EQ,2007.0,1.0,China,33.259,104.74,,,,,,1.0,4.7,
726,EQ,2007.0,1.0,Russia,46.243,154.524,,,,,,,8.1,
727,EQ,2007.0,1.0,Turkey,39.592,42.863,,,2.0,1.0,,1.0,5.1,
728,EQ,2007.0,1.0,Indonesia,1.065,126.282,4.0,1.0,4.0,1.0,,1.0,7.5,
729,EQ,2007.0,2.0,Philippines,6.614,126.24,,,,,,1.0,4.9,
730,EQ,2007.0,2.0,Turkey,38.318,39.267,,,,,,1.0,5.7,
731,EQ,2007.0,3.0,Indonesia,-0.493,100.498,67.0,2.0,826.0,3.0,,3.0,6.4,
732,EQ,2007.0,3.0,Colombia,2.082,-76.495,,,9.0,1.0,,1.0,5.0,
733,EQ,2007.0,3.0,Iran,33.49,48.93,,,35.0,1.0,,1.0,4.7,
734,EQ,2007.0,3.0,Vanuatu,-20.617,169.357,,,,,,,7.1,
735,EQ,2007.0,3.0,Japan,37.336,136.588,1.0,1.0,150.0,3.0,,3.0,6.7,
736,EQ,2007.0,3.0,Greece,38.34,20.42,,,,,,1.0,5.8,
737,EQ,2007.0,4.0,Solomon Islands,-8.466,157.043,52.0,2.0,,,,3.0,8.1,
738,EQ,2007.0,4.0,Mexico,17.302,-100.198,,,,,,1.0,6.0,
739,EQ,2007.0,4.0,Japan,34.807,136.239,,,12.0,1.0,,2.0,4.6,
740,EQ,2007.0,4.0,Albania,41.172,19.897,,,,,,,4.5,
741,EQ,2007.0,4.0,Chile,-45.243,-72.648,10.0,1.0,,,,1.0,6.2,
742,EQ,2007.0,4.0,United Kingdom,51.085,1.009,,,1.0,1.0,,1.0,4.6,
743,EQ,2007.0,5.0,United States,45.394,-112.13,,,,,,1.0,4.5,
744,EQ,2007.0,5.0,Laos,20.504,100.746,,,,,,1.0,6.3,
745,EQ,2007.0,5.0,Indonesia,-1.065,127.343,,,,,,1.0,6.1,
746,EQ,2007.0,6.0,China,23.028,101.052,3.0,1.0,329.0,3.0,310.0,4.0,6.1,
747,EQ,2007.0,6.0,Guatemala,13.554,-90.618,,,,,,1.0,6.7,
748,EQ,2007.0,6.0,Iran,34.437,50.833,,,,,,1.0,5.5,
749,EQ,2007.0,7.0,Ecuador,-3.987,-79.836,,,,,,,4.5,
750,EQ,2007.0,7.0,Japan,37.57,138.478,9.0,1.0,1088.0,4.0,12500.0,4.0,6.6,
751,EQ,2007.0,7.0,China,42.913,82.378,,,,,,2.0,5.6,
752,EQ,2007.0,7.0,United States,37.804,-122.193,,,,,,1.0,4.2,
753,EQ,2007.0,7.0,Tajikistan,38.936,70.485,12.0,1.0,,,,,5.2,
754,EQ,2007.0,7.0,India,30.881,78.239,,,3.0,1.0,,1.0,4.3,
755,EQ,2007.0,7.0,Indonesia,2.872,127.464,,,,2.0,,1.0,6.9,
756,EQ,2007.0,8.0,Vanuatu,-15.595,167.68,,,,,,1.0,7.2,
757,EQ,2007.0,8.0,Russia,47.116,141.798,2.0,1.0,12.0,1.0,,1.0,6.2,
758,EQ,2007.0,8.0,United States,51.307,-179.971,,,,,,,6.7,
759,EQ,2007.0,8.0,United States,39.465,-111.237,9.0,1.0,,1.0,,,4.2,
760,EQ,2007.0,8.0,Indonesia,-5.968,107.655,,,,,,,7.5,
761,EQ,2007.0,8.0,Peru,-13.386,-76.603,514.0,3.0,1090.0,4.0,,4.0,8.0,
762,EQ,2007.0,8.0,United States,39.464,-111.207,3.0,1.0,6.0,1.0,,,1.6,
763,EQ,2007.0,8.0,India,17.2,73.7,,,,,,1.0,4.4,
764,EQ,2007.0,8.0,Iran,28.154,56.652,,,4.0,1.0,,,5.0,
765,EQ,2007.0,9.0,Solomon Islands,-11.61,165.762,,,,,,,7.2,
766,EQ,2007.0,9.0,Indonesia,-7.783,114.338,,,13.0,1.0,,1.0,4.8,
767,EQ,2007.0,9.0,Colombia,2.982,-77.967,,,5.0,1.0,,1.0,6.8,
768,EQ,2007.0,9.0,Indonesia,-4.438,101.367,25.0,1.0,161.0,3.0,,3.0,8.4,
769,EQ,2007.0,9.0,Indonesia,-2.625,100.841,,,,,,,7.9,
770,EQ,2007.0,9.0,Japan,22.013,142.668,,,,,,,7.5,
771,EQ,2007.0,9.0,New Zealand,-49.418,163.954,,,,,,,7.4,
772,EQ,2007.0,10.0,New Zealand,-44.785,167.583,,,,,,1.0,6.8,
773,EQ,2007.0,10.0,Pakistan,35.304,76.753,1.0,1.0,12.0,1.0,,,4.8,
774,EQ,2007.0,10.0,United States,37.434,-121.774,,,,,,1.0,5.6,
775,EQ,2007.0,11.0,India,21.181,70.724,1.0,1.0,5.0,1.0,,1.0,5.1,
776,EQ,2007.0,11.0,Philippines,9.721,124.647,1.0,1.0,,,,,5.1,
777,EQ,2007.0,11.0,Bangladesh,22.15,92.388,,,10.0,1.0,,1.0,5.1,
778,EQ,2007.0,11.0,Chile,-22.247,-69.89,2.0,1.0,65.0,2.0,,3.0,7.7,
779,EQ,2007.0,11.0,Ecuador,-2.312,-77.838,,,,,,1.0,6.8,
780,EQ,2007.0,11.0,Iran,31.68,49.93,,,30.0,1.0,,1.0,4.8,
781,EQ,2007.0,11.0,Indonesia,-8.277,118.339,3.0,1.0,,3.0,,2.0,6.5,
782,EQ,2007.0,11.0,India,28.555,77.057,,,,,,1.0,4.7,
783,EQ,2007.0,11.0,Martinique,14.944,-61.274,1.0,1.0,102.0,3.0,,1.0,7.4,
784,EQ,2007.0,12.0,Brazil,-15.048,-44.231,1.0,1.0,6.0,1.0,,2.0,4.6,
785,EQ,2007.0,12.0,KERMADEC ISLANDS,-25.996,-177.514,,,,,,,7.8,
786,EQ,2007.0,12.0,Chile,-32.689,-71.695,,,4.0,1.0,,1.0,5.9,
787,EQ,2007.0,12.0,New Zealand,-39.011,178.291,1.0,1.0,,,,1.0,6.6,
788,EQ,2007.0,12.0,Turkey,39.417,33.212,,,,,,1.0,5.7,
789,EQ,2007.0,12.0,Turkey,39.446,33.162,,,,,,3.0,5.6,
1,TS,1990.0,2.0,Philippines,9.755,124.694,,2.0,300.0,3.0,0.9,1.0,,2.1
2,TS,1990.0,2.0,Japan,34.706,139.252,,,,,,,,0.16
3,TS,1990.0,3.0,Costa Rica,9.919,-84.808,,,15.0,1.0,,2.0,,1.0
4,TS,1990.0,4.0,USA TERRITORY,15.125,147.596,,,,,,,,1.8
5,TS,1990.0,5.0,Philippines,7.0,126.0,,,,,,,,5.0
6,TS,1990.0,6.0,Iran,36.957,49.409,40000.0,4.0,105000.0,4.0,7200.0,4.0,,2.0
7,TS,1990.0,9.0,Japan,33.267,138.643,,,,,,,,0.2
8,TS,1990.0,12.0,Italy,37.3,15.438,19.0,1.0,200.0,3.0,500.0,4.0,,0.1
9,TS,1990.0,12.0,Taiwan,23.722,121.627,,,,,,1.0,,0.04
10,TS,1991.0,1.0,Greece,37.7,26.3,,,,,,,,
11,TS,1991.0,2.0,Solomon Islands,-9.929,159.139,,,,,,1.0,,0.02
12,TS,1991.0,2.0,Russia,48.268,154.328,,,,,,,,0.1
13,TS,1991.0,2.0,USA,58.427,-175.45,,,,,,,,0.15
14,TS,1991.0,4.0,Costa Rica,9.685,-83.073,90.0,2.0,895.0,3.0,510.0,4.0,,3.0
15,TS,1991.0,5.0,Greece,37.133,26.833,,,,,,,,0.5
16,TS,1991.0,10.0,Solomon Islands,-9.094,158.442,,,,,,,,0.15
17,TS,1991.0,12.0,Russia,45.533,151.021,,,,,,,,0.52
18,TS,1992.0,1.0,China,18.0,108.0,,,,,,1.0,,0.8
19,TS,1992.0,4.0,USA,40.368,-124.316,,,98.0,2.0,66.0,4.0,,1.8
20,TS,1992.0,5.0,Philippines,7.191,126.762,,,,,,1.0,,6.0
21,TS,1992.0,5.0,Solomon Islands,-11.122,165.239,,,,,,,,
22,TS,1992.0,7.0,USA,,,,,75.0,2.0,,1.0,,3.0
23,TS,1992.0,7.0,Japan,39.419,143.33,,,,,,,,0.3
24,TS,1992.0,8.0,Japan,32.536,141.641,,,,,,,,
25,TS,1992.0,9.0,Nicaragua,11.727,-87.386,170.0,3.0,489.0,3.0,30.0,4.0,,9.9
26,TS,1992.0,12.0,Indonesia,-8.48,121.896,2500.0,4.0,2103.0,4.0,100.0,4.0,,26.2
27,TS,1993.0,2.0,Japan,37.634,137.245,,,,,,,,0.5
28,TS,1993.0,3.0,Wallis and Futuna,-14.385,-178.252,5.0,1.0,20.0,1.0,,1.0,,
29,TS,1993.0,6.0,Russia,51.218,157.829,,,,,,,,0.1
30,TS,1993.0,6.0,New Zealand,-28.886,-176.819,,,,,,,,
31,TS,1993.0,7.0,Japan,42.851,139.197,231.0,3.0,233.0,3.0,1207.0,4.0,,32.0
32,TS,1993.0,8.0,Japan,41.985,139.839,,,,,,,,0.16
33,TS,1993.0,8.0,USA TERRITORY,12.982,144.801,,,48.0,1.0,250.0,4.0,,2.4
34,TS,1993.0,11.0,Russia,51.934,158.647,,,,,,,,0.05
35,TS,1994.0,1.0,USA,44.4,-67.97,,,,,,,,1.5
36,TS,1994.0,1.0,USA,34.213,-118.537,60.0,2.0,7000.0,4.0,40000.0,4.0,,0.1
37,TS,1994.0,1.0,Indonesia,1.015,127.733,9.0,1.0,300.0,3.0,,2.0,,2.0
38,TS,1994.0,2.0,Indonesia,-4.967,104.302,,,,,,,,
39,TS,1994.0,4.0,Japan,40.608,143.683,,,,,,,,0.11
40,TS,1994.0,4.0,Norway,61.267,6.583,,,,,,1.0,,4.0
41,TS,1994.0,5.0,Taiwan,23.959,122.448,,,,,,,,0.02
42,TS,1994.0,6.0,Indonesia,-10.477,112.835,238.0,3.0,423.0,3.0,2.2,2.0,,13.9
43,TS,1994.0,6.0,Indonesia,-10.362,112.892,,,,,,,,3.7
44,TS,1994.0,6.0,Indonesia,-10.777,113.366,,,,,,,,
45,TS,1994.0,6.0,Indonesia,-10.341,113.369,,,,,,,,3.0
46,TS,1994.0,9.0,USA,40.402,-125.68,,,,,,1.0,,0.07
47,TS,1994.0,9.0,Guinea,-4.238,152.214,4.0,1.0,,,86.0,4.0,,3.0
48,TS,1994.0,10.0,Russia,43.773,147.321,11.0,1.0,382.0,3.0,,3.0,,10.4
49,TS,1994.0,10.0,Indonesia,-1.258,127.98,1.0,1.0,52.0,2.0,,2.0,,3.0
50,TS,1994.0,10.0,Russia,43.905,147.916,,,,,,,,0.2
51,TS,1994.0,11.0,USA,59.5,-135.3,1.0,1.0,,,25.0,4.0,,9.0
52,TS,1994.0,11.0,Philippines,13.525,121.067,81.0,2.0,225.0,3.0,3.7,2.0,,7.3
53,TS,1994.0,12.0,Japan,40.525,143.419,3.0,1.0,200.0,3.0,170.4,4.0,,0.53
54,TS,1994.0,,Russia,45.22,36.72,,,,,,,,0.5
55,TS,1995.0,1.0,Japan,34.583,135.018,5502.0,4.0,36896.0,4.0,100000.0,4.0,,0.34
56,TS,1995.0,4.0,Samoa,-15.199,-173.529,,,,,,,,0.09
57,TS,1995.0,4.0,Philippines,12.059,125.58,,,,,,,,0.2
58,TS,1995.0,4.0,Philippines,12.047,125.92,,,,,,,,0.2
59,TS,1995.0,5.0,Greece,40.149,21.695,,,,,,,,
60,TS,1995.0,5.0,Indonesia,-8.452,125.049,11.0,1.0,19.0,1.0,,1.0,,4.0
61,TS,1995.0,5.0,New Caledonia,-23.008,169.9,,,,,,,,0.5
62,TS,1995.0,5.0,Russia,52.629,142.827,1989.0,4.0,750.0,3.0,300.0,4.0,,0.1
63,TS,1995.0,6.0,Greece,38.401,22.283,26.0,1.0,60.0,2.0,660.0,4.0,,1.0
64,TS,1995.0,7.0,Chile,-23.34,-70.294,3.0,1.0,58.0,2.0,1.791,2.0,,3.0
65,TS,1995.0,8.0,Guinea,-5.799,154.178,,,,,,1.0,,0.28
66,TS,1995.0,9.0,Mexico,16.779,-98.597,3.0,1.0,100.0,2.0,,2.0,,0.4
67,TS,1995.0,10.0,Mexico,19.055,-104.205,50.0,1.0,200.0,3.0,,2.0,,11.0
68,TS,1995.0,10.0,Japan,27.929,130.175,,,1.0,1.0,,1.0,,2.59
69,TS,1995.0,10.0,Japan,28.094,130.148,,,,,,,,1.5
70,TS,1995.0,11.0,Chile,-28.906,-71.417,,,,,,,,0.1
71,TS,1995.0,11.0,Egypt,28.826,34.799,11.0,1.0,47.0,1.0,,2.0,,4.0
72,TS,1995.0,12.0,Russia,44.663,149.3,,,,,,,,1.1
73,TS,1996.0,1.0,Indonesia,0.729,119.931,9.0,1.0,63.0,2.0,1.2,2.0,,3.43
74,TS,1996.0,1.0,Greece,38.367,22.083,,,,,,1.0,,2.0
75,TS,1996.0,1.0,Russia,54.05,159.43,,,,,,1.0,,30.0
76,TS,1996.0,2.0,Indonesia,-0.891,136.952,164.0,3.0,432.0,2.0,4.2,2.0,,7.7
77,TS,1996.0,2.0,Peru,-9.593,-79.587,12.0,1.0,57.0,2.0,,1.0,,5.04
78,TS,1996.0,2.0,Mexico,15.978,-98.07,,,,,,,,0.1
79,TS,1996.0,4.0,Switzerland,46.73,7.97,,,,,,,,0.5
80,TS,1996.0,6.0,USA,51.564,-177.632,,,,,,,,0.51
81,TS,1996.0,6.0,USA,51.478,-176.847,,,,,,,,0.18
82,TS,1996.0,9.0,Japan,31.555,139.931,,,,,,,,0.3
83,TS,1996.0,9.0,Chile,-22.118,-113.436,,,,,,,,0.09
84,TS,1996.0,9.0,Taiwan,21.898,121.498,,,,,,,,0.11
85,TS,1996.0,10.0,Japan,30.568,131.093,,,,,,,,0.2
86,TS,1996.0,10.0,Japan,31.885,131.468,,,,,,1.0,,0.55
87,TS,1996.0,11.0,Peru,-14.993,-75.675,14.0,1.0,560.0,3.0,,4.0,,0.4
88,TS,1996.0,12.0,Japan,31.789,131.314,,,,,,,,0.2
89,TS,1997.0,3.0,New Caledonia,-21.7,168.0,,,,,,,,2.0
90,TS,1997.0,4.0,Honduras,13.1,-87.6,,,,,0.3,1.0,,15.0
91,TS,1997.0,4.0,Australia,,,,,,,,,,
92,TS,1997.0,4.0,Solomon Islands,-12.584,166.676,,,,,,1.0,,3.0
93,TS,1997.0,7.0,Venezuela,10.598,-63.486,81.0,2.0,522.0,3.0,81.0,4.0,,
94,TS,1997.0,9.0,Japan,31.959,141.878,,,,,,,,0.03
95,TS,1997.0,10.0,Tonga,-22.1,-176.77,,,,,,,,0.1
96,TS,1997.0,12.0,Russia,54.841,162.035,,,,,,,,8.0
97,TS,1997.0,12.0,Russia,54.841,162.035,,,,,,1.0,,8.0
98,TS,1997.0,12.0,Montserrat,16.72,-62.18,,,,,,,,3.0
99,TS,1998.0,3.0,Norway,61.183,5.267,,,,,,2.0,,6.0
100,TS,1998.0,3.0,Antarctica,-62.877,149.527,,,,,,,,0.01
101,TS,1998.0,5.0,Taiwan,22.306,125.308,,,,,,,,0.13
102,TS,1998.0,5.0,Japan,39.027,143.441,,,,,,,,0.01
103,TS,1998.0,7.0,Guinea,-2.943,142.582,1636.0,4.0,1000.0,3.0,,3.0,,15.03
104,TS,1998.0,11.0,Indonesia,-2.071,124.891,41.0,1.0,107.0,3.0,200.0,4.0,,2.75
105,TS,1999.0,1.0,Montserrat,16.722,-62.18,,,,,,,,2.0
106,TS,1999.0,8.0,Turkey,40.76,29.97,17118.0,4.0,50000.0,4.0,20000.0,4.0,,2.52
107,TS,1999.0,9.0,French Polynesia,-10.52,-138.67,,,,,,1.0,,8.0
108,TS,1999.0,11.0,Vanuatu,-16.423,168.214,10.0,1.0,100.0,2.0,,3.0,,6.6
109,TS,2000.0,1.0,Philippines,5.1,120.15,,,,3.0,,3.0,,20.0
110,TS,2000.0,4.0,Greece,34.22,25.69,,,,,,,,0.5
111,TS,2000.0,5.0,Indonesia,-1.105,123.573,46.0,1.0,264.0,3.0,30.0,4.0,,6.0
112,TS,2000.0,6.0,Australia,-13.802,97.453,,,,,,,,0.3
113,TS,2000.0,7.0,Japan,34.221,139.131,1.0,1.0,,3.0,,1.0,,0.07
114,TS,2000.0,7.0,Japan,34.319,139.26,,,10.0,1.0,,1.0,,0.07
115,TS,2000.0,7.0,Japan,33.901,139.376,,,1.0,1.0,,1.0,,0.14
116,TS,2000.0,11.0,USA,34.5,-120.65,,,,,,1.0,,4.6
117,TS,2000.0,11.0,Guinea,-4.001,152.327,2.0,1.0,,,,2.0,,3.0
118,TS,2000.0,11.0,Greenland,70.25,-52.75,,,,,,1.0,,50.0
119,TS,2000.0,,Russia,45.12,36.7,,,,,,,,
120,TS,2001.0,1.0,El Salvador,13.049,-88.66,844.0,3.0,4723.0,4.0,753.0,4.0,,0.25
121,TS,2001.0,6.0,Peru,-16.265,-73.641,103.0,3.0,2713.0,4.0,200.0,4.0,,8.8
122,TS,2001.0,10.0,Canada,52.63,-132.2,,,,,,,,0.11
123,TS,2001.0,12.0,Taiwan,23.954,122.734,,,,,,,,0.12
124,TS,2002.0,1.0,Vanuatu,-17.6,167.856,,,,2.0,,1.0,,3.0
125,TS,2002.0,3.0,Philippines,6.033,124.249,15.0,1.0,100.0,2.0,1.714,2.0,,3.0
126,TS,2002.0,3.0,Greece,36.45,28.2,,,,,,1.0,,4.0
127,TS,2002.0,3.0,Japan,23.346,124.09,,,,,,,,0.05
128,TS,2002.0,3.0,Taiwan,24.279,122.179,5.0,1.0,200.0,3.0,,2.0,,0.2
129,TS,2002.0,9.0,Guinea,-3.26,142.94,4.0,1.0,70.0,2.0,,3.0,,5.5
130,TS,2002.0,9.0,India,13.036,93.068,2.0,1.0,,,,2.0,,
131,TS,2002.0,10.0,Indonesia,-1.757,134.297,8.0,1.0,632.0,3.0,,3.0,,5.0
132,TS,2002.0,11.0,New Zealand,-44.7,169.2,,,,,,,,
133,TS,2002.0,12.0,Italy,38.789,15.213,,,,2.0,,2.0,,10.9
134,TS,2003.0,1.0,Solomon Islands,-10.491,160.77,,,,,,,,2.0
135,TS,2003.0,1.0,Mexico,18.77,-104.104,29.0,1.0,300.0,3.0,,3.0,,0.61
136,TS,2003.0,5.0,Algeria,36.964,3.634,2266.0,4.0,10261.0,4.0,5000.0,4.0,,3.0
137,TS,2003.0,5.0,Algeria,36.939,3.578,9.0,1.0,200.0,3.0,,2.0,,0.08
138,TS,2003.0,7.0,Montserrat,16.722,-62.18,,,,,,1.0,,4.0
139,TS,2003.0,8.0,New Zealand,-45.104,167.144,,,,,,1.0,,0.15
140,TS,2003.0,9.0,Japan,41.815,143.91,2.0,1.0,849.0,3.0,90.0,4.0,,4.4
141,TS,2003.0,10.0,Japan,37.812,142.619,,,,,,,,0.32
142,TS,2003.0,11.0,USA,51.146,178.65,,,,,,1.0,,0.33
143,TS,2003.0,12.0,New Caledonia,-22.107,169.35,,,,,,,,0.15
144,TS,2004.0,1.0,Indonesia,-3.12,127.4,,,,,,,,
145,TS,2004.0,2.0,Jordan,31.675,35.551,,,4.0,1.0,,2.0,,1.0
146,TS,2004.0,9.0,Japan,33.07,136.618,,,4.0,1.0,,1.0,,0.63
147,TS,2004.0,9.0,Japan,33.184,137.071,,,40.0,1.0,,1.0,,0.93
148,TS,2004.0,11.0,Canada,49.277,-128.772,,,,,,,,0.06
149,TS,2004.0,11.0,Indonesia,-8.152,124.868,34.0,1.0,400.0,3.0,,3.0,,2.0
150,TS,2004.0,11.0,Guadeloupe,15.679,-61.706,,,,,,,,0.7
151,TS,2004.0,11.0,New Zealand,-46.676,164.721,,,,,,,,
152,TS,2004.0,11.0,Japan,43.006,145.119,,,24.0,1.0,,2.0,,0.12
153,TS,2004.0,12.0,Australia,-49.312,161.345,,,,,,,,0.3
154,TS,2004.0,12.0,Indonesia,3.316,95.854,227899.0,4.0,,3.0,10000.0,4.0,,50.9
155,TS,2005.0,1.0,Japan,34.064,141.491,,,,,,,,0.39
156,TS,2005.0,2.0,Guadeloupe,15.775,-61.744,,,,,,,,
157,TS,2005.0,3.0,Indonesia,2.085,97.108,1313.0,4.0,340.0,3.0,,4.0,,4.2
158,TS,2005.0,4.0,Indonesia,-1.644,99.607,,,,,,,,0.4
159,TS,2005.0,6.0,USA,41.301,-125.97,,,,,,,,0.1
160,TS,2005.0,8.0,Japan,38.276,142.039,,,56.0,2.0,,1.0,,0.05
161,TS,2005.0,11.0,Japan,38.107,144.896,,,,,,,,0.42
162,TS,2005.0,12.0,Canada,,,,,,,,,,0.08
163,TS,2006.0,1.0,USA,,,,,,,,1.0,,9.0
164,TS,2006.0,3.0,Indonesia,-3.595,127.214,4.0,1.0,,,1.0,2.0,,3.5
165,TS,2006.0,5.0,Tonga,-20.187,-174.123,,,1.0,1.0,,1.0,,0.27
166,TS,2006.0,5.0,Montserrat,16.722,-62.18,,,,,,1.0,,1.0
167,TS,2006.0,6.0,Spain,40.0,3.83,,,,,33.0,4.0,,6.0
168,TS,2006.0,7.0,Indonesia,-9.254,107.411,802.0,3.0,498.0,3.0,55.0,4.0,,20.9
169,TS,2006.0,8.0,South Korea,,,1.0,1.0,,,,,,
170,TS,2006.0,9.0,Samoa,-16.592,-172.033,,,,,,,,0.08
171,TS,2006.0,10.0,USA,19.878,-155.935,,,,3.0,,2.0,,0.1
172,TS,2006.0,11.0,Russia,46.592,153.266,,,1.0,1.0,,2.0,,21.9
173,TS,2006.0,12.0,China,21.799,120.547,2.0,1.0,40.0,1.0,,1.0,,0.07
174,TS,2007.0,1.0,Russia,46.243,154.524,,,,,,,,0.4
175,TS,2007.0,3.0,Vanuatu,-20.617,169.357,,,,,,,,0.08
176,TS,2007.0,3.0,Japan,37.336,136.588,1.0,1.0,150.0,3.0,,3.0,,0.1
177,TS,2007.0,3.0,South Korea,,,4.0,1.0,,,2.0,2.0,,1.65
178,TS,2007.0,4.0,Solomon Islands,-8.46,157.044,52.0,2.0,,,,3.0,,12.1
179,TS,2007.0,4.0,Chile,-45.285,-72.606,10.0,1.0,,,,1.0,,50.0
180,TS,2007.0,5.0,Bulgaria,43.0,29.0,,,,,,1.0,,3.0
181,TS,2007.0,5.0,Guinea,-5.52,148.121,,,,,,1.0,,10.0
182,TS,2007.0,7.0,Japan,37.57,138.478,9.0,1.0,1088.0,4.0,,3.0,,
183,TS,2007.0,8.0,Russia,47.116,141.798,2.0,1.0,12.0,1.0,,1.0,,3.2
184,TS,2007.0,8.0,USA,51.307,-179.971,,,,,,,,0.03
185,TS,2007.0,8.0,Peru,-13.386,-76.603,514.0,3.0,1090.0,4.0,,4.0,,10.05
186,TS,2007.0,9.0,Solomon Islands,-11.61,165.762,,,,,,,,0.05
187,TS,2007.0,9.0,Indonesia,-4.438,101.367,25.0,1.0,161.0,3.0,,3.0,,5.0
188,TS,2007.0,9.0,New Zealand,-49.418,163.954,,,,,,,,0.35
189,TS,2007.0,11.0,Chile,-22.247,-69.89,2.0,1.0,65.0,2.0,,3.0,,0.28
190,TS,2007.0,11.0,Martinique,14.944,-61.274,,,,,,,,
191,TS,2007.0,12.0,Canada,49.475,-121.847,,,,,,1.0,,38.0
192,TS,2007.0,12.0,KERMADEC ISLANDS,-25.996,-177.514,,,,,,,,0.03
